from_path,to_path,filename,action
/Volumes/Radishes/GBIF_phenology_scored_specimen_images/tmp/CDA-0003827.jpg,/Volumes/Radishes/locally_imaged_herbarium_sheets/CDA_YOSE/CDA-0003827.jpg,CDA-0003827.jpg,move
/Volumes/Radishes/GBIF_phenology_scored_specimen_images/tmp/CDA-0003828.jpg,/Volumes/Radishes/locally_imaged_herbarium_sheets/CDA_YOSE/CDA-0003828.jpg,CDA-0003828.jpg,move
/Volumes/Radishes/GBIF_phenology_scored_specimen_images/tmp/CDA-0003829.jpg,/Volumes/Radishes/locally_imaged_herbarium_sheets/CDA_YOSE/CDA-0003829.jpg,CDA-0003829.jpg,move
/Volumes/Radishes/GBIF_phenology_scored_specimen_images/tmp/CDA-0003830.jpg,/Volumes/Radishes/locally_imaged_herbarium_sheets/CDA_YOSE/CDA-0003830.jpg,CDA-0003830.jpg,move
/Volumes/Radishes/GBIF_phenology_scored_specimen_images/tmp/CDA-0003831.jpg,/Volumes/Radishes/locally_imaged_herbarium_sheets/CDA_YOSE/CDA-0003831.jpg,CDA-0003831.jpg,move
/Volumes/Radishes/GBIF_phenology_scored_specimen_images/tmp/CDA-0003832.jpg,/Volumes/Radishes/locally_imaged_herbarium_sheets/CDA_YOSE/CDA-0003832.jpg,CDA-0003832.jpg,move
/Volumes/Radishes/GBIF_phenology_scored_specimen_images/tmp/CDA-0003833.jpg,/Volumes/Radishes/locally_imaged_herbarium_sheets/CDA_YOSE/CDA-0003833.jpg,CDA-0003833.jpg,move
/Volumes/Radishes/GBIF_phenology_scored_specimen_images/tmp/CDA-0007749.jpg,/Volumes/Radishes/locally_imaged_herbarium_sheets/CDA_YOSE/CDA-0007749.jpg,CDA-0007749.jpg,move
/Volumes/Radishes/GBIF_phenology_scored_specimen_images/tmp/CDA-0008773.jpg,/Volumes/Radishes/locally_imaged_herbarium_sheets/CDA_YOSE/CDA-0008773.jpg,CDA-0008773.jpg,move
/Volumes/Radishes/GBIF_phenology_scored_specimen_images/tmp/CDA-0012316.jpg,/Volumes/Radishes/locally_imaged_herbarium_sheets/CDA_YOSE/CDA-0012316.jpg,CDA-0012316.jpg,move
/Volumes/Radishes/GBIF_phenology_scored_specimen_images/tmp/CDA-0012718.jpg,/Volumes/Radishes/locally_imaged_herbarium_sheets/CDA_YOSE/CDA-0012718.jpg,CDA-0012718.jpg,move
/Volumes/Radishes/GBIF_phenology_scored_specimen_images/tmp/CDA-0016146.jpg,/Volumes/Radishes/locally_imaged_herbarium_sheets/CDA_YOSE/CDA-0016146.jpg,CDA-0016146.jpg,move
/Volumes/Radishes/GBIF_phenology_scored_specimen_images/tmp/CDA-0016210.jpg,/Volumes/Radishes/locally_imaged_herbarium_sheets/CDA_YOSE/CDA-0016210.jpg,CDA-0016210.jpg,move
/Volumes/Radishes/GBIF_phenology_scored_specimen_images/tmp/CDA-0016211.jpg,/Volumes/Radishes/locally_imaged_herbarium_sheets/CDA_YOSE/CDA-0016211.jpg,CDA-0016211.jpg,move
/Volumes/Radishes/GBIF_phenology_scored_specimen_images/tmp/CDA-0018779.jpg,/Volumes/Radishes/locally_imaged_herbarium_sheets/CDA_YOSE/CDA-0018779.jpg,CDA-0018779.jpg,move
/Volumes/Radishes/GBIF_phenology_scored_specimen_images/tmp/CDA-0019431.jpg,/Volumes/Radishes/locally_imaged_herbarium_sheets/CDA_YOSE/CDA-0019431.jpg,CDA-0019431.jpg,move
/Volumes/Radishes/GBIF_phenology_scored_specimen_images/tmp/CDA-0020839.jpg,/Volumes/Radishes/locally_imaged_herbarium_sheets/CDA_YOSE/CDA-0020839.jpg,CDA-0020839.jpg,move
/Volumes/Radishes/GBIF_phenology_scored_specimen_images/tmp/CDA-0025105.jpg,/Volumes/Radishes/locally_imaged_herbarium_sheets/CDA_YOSE/CDA-0025105.jpg,CDA-0025105.jpg,move
/Volumes/Radishes/GBIF_phenology_scored_specimen_images/tmp/CDA-0030836.jpg,/Volumes/Radishes/locally_imaged_herbarium_sheets/CDA_YOSE/CDA-0030836.jpg,CDA-0030836.jpg,move
/Volumes/Radishes/GBIF_phenology_scored_specimen_images/tmp/CDA-0034482.jpg,/Volumes/Radishes/locally_imaged_herbarium_sheets/CDA_YOSE/CDA-0034482.jpg,CDA-0034482.jpg,move
/Volumes/Radishes/GBIF_phenology_scored_specimen_images/tmp/CDA-0035919.jpg,/Volumes/Radishes/locally_imaged_herbarium_sheets/CDA_YOSE/CDA-0035919.jpg,CDA-0035919.jpg,move
/Volumes/Radishes/GBIF_phenology_scored_specimen_images/tmp/CDA-0037168.jpg,/Volumes/Radishes/locally_imaged_herbarium_sheets/CDA_YOSE/CDA-0037168.jpg,CDA-0037168.jpg,move
/Volumes/Radishes/GBIF_phenology_scored_specimen_images/tmp/CDA-0043773.jpg,/Volumes/Radishes/locally_imaged_herbarium_sheets/CDA_YOSE/CDA-0043773.jpg,CDA-0043773.jpg,move
/Volumes/Radishes/GBIF_phenology_scored_specimen_images/tmp/CDA-0043873.jpg,/Volumes/Radishes/locally_imaged_herbarium_sheets/CDA_YOSE/CDA-0043873.jpg,CDA-0043873.jpg,move
/Volumes/Radishes/GBIF_phenology_scored_specimen_images/tmp/CDA-0043944.jpg,/Volumes/Radishes/locally_imaged_herbarium_sheets/CDA_YOSE/CDA-0043944.jpg,CDA-0043944.jpg,move
/Volumes/Radishes/GBIF_phenology_scored_specimen_images/tmp/CDA-0047964.jpg,/Volumes/Radishes/locally_imaged_herbarium_sheets/CDA_YOSE/CDA-0047964.jpg,CDA-0047964.jpg,move
/Volumes/Radishes/GBIF_phenology_scored_specimen_images/tmp/CDA-0047965.jpg,/Volumes/Radishes/locally_imaged_herbarium_sheets/CDA_YOSE/CDA-0047965.jpg,CDA-0047965.jpg,move
/Volumes/Radishes/GBIF_phenology_scored_specimen_images/tmp/CDA-0047966.jpg,/Volumes/Radishes/locally_imaged_herbarium_sheets/CDA_YOSE/CDA-0047966.jpg,CDA-0047966.jpg,move
/Volumes/Radishes/GBIF_phenology_scored_specimen_images/tmp/CDA-0049115.jpg,/Volumes/Radishes/locally_imaged_herbarium_sheets/CDA_YOSE/CDA-0049115.jpg,CDA-0049115.jpg,move
/Volumes/Radishes/GBIF_phenology_scored_specimen_images/tmp/CDA-0059481.jpg,/Volumes/Radishes/locally_imaged_herbarium_sheets/CDA_YOSE/CDA-0059481.jpg,CDA-0059481.jpg,move
/Volumes/Radishes/GBIF_phenology_scored_specimen_images/tmp/CDA-0059482.jpg,/Volumes/Radishes/locally_imaged_herbarium_sheets/CDA_YOSE/CDA-0059482.jpg,CDA-0059482.jpg,move
/Volumes/Radishes/GBIF_phenology_scored_specimen_images/tmp/YOSE109090.jpg,/Volumes/Radishes/locally_imaged_herbarium_sheets/CDA_YOSE/YOSE109090.jpg,YOSE109090.jpg,move
/Volumes/Radishes/GBIF_phenology_scored_specimen_images/tmp/YOSE109091.jpg,/Volumes/Radishes/locally_imaged_herbarium_sheets/CDA_YOSE/YOSE109091.jpg,YOSE109091.jpg,move
/Volumes/Radishes/GBIF_phenology_scored_specimen_images/tmp/YOSE225087.jpg,/Volumes/Radishes/locally_imaged_herbarium_sheets/CDA_YOSE/YOSE225087.jpg,YOSE225087.jpg,move
/Volumes/Radishes/GBIF_phenology_scored_specimen_images/tmp/YOSE65260.jpg,/Volumes/Radishes/locally_imaged_herbarium_sheets/CDA_YOSE/YOSE65260.jpg,YOSE65260.jpg,move
,,SD00021403.jpg,missing_occid_copy_2890234.jpg
,,SD00023691.jpg,missing_occid_copy_3113067.jpg
/Volumes/Radishes/OG_CCH2_phenology_scored_specimen_images/3620051.jpg,/Volumes/Radishes/locally_imaged_herbarium_sheets/SD/SD00025459.jpg,SD00025459.jpg,copy_keep_cch2_original
/Volumes/Radishes/OG_CCH2_phenology_scored_specimen_images/3700299.jpg,/Volumes/Radishes/locally_imaged_herbarium_sheets/SD/SD00029907.jpg,SD00029907.jpg,copy_keep_cch2_original
/Volumes/Radishes/OG_CCH2_phenology_scored_specimen_images/3700296.jpg,/Volumes/Radishes/locally_imaged_herbarium_sheets/SD/SD00030202.jpg,SD00030202.jpg,copy_keep_cch2_original
/Volumes/Radishes/OG_CCH2_phenology_scored_specimen_images/469019.jpg,/Volumes/Radishes/locally_imaged_herbarium_sheets/SD/SD00060083.jpg,SD00060083.jpg,copy_keep_cch2_original
/Volumes/Radishes/OG_CCH2_phenology_scored_specimen_images/469015.jpg,/Volumes/Radishes/locally_imaged_herbarium_sheets/SD/SD00060084.jpg,SD00060084.jpg,copy_keep_cch2_original
,,SD00061955.jpg,missing_occid_copy_469021.jpg
,,SD00061956.jpg,missing_occid_copy_468979.jpg
,,SD00062553.jpg,missing_occid_copy_468973.jpg
,,SD00062557.jpg,missing_occid_copy_469135.jpg
/Volumes/Radishes/OG_CCH2_phenology_scored_specimen_images/469069.jpg,/Volumes/Radishes/locally_imaged_herbarium_sheets/SD/SD00062559.jpg,SD00062559.jpg,copy_keep_cch2_original
/Volumes/Radishes/OG_CCH2_phenology_scored_specimen_images/469058.jpg,/Volumes/Radishes/locally_imaged_herbarium_sheets/SD/SD00062561.jpg,SD00062561.jpg,copy_keep_cch2_original
,,SD00062562.jpg,missing_occid_copy_3737681.jpg
/Volumes/Radishes/OG_CCH2_phenology_scored_specimen_images/469010.jpg,/Volumes/Radishes/locally_imaged_herbarium_sheets/SD/SD00062563.jpg,SD00062563.jpg,copy_keep_cch2_original
/Volumes/Radishes/OG_CCH2_phenology_scored_specimen_images/468972.jpg,/Volumes/Radishes/locally_imaged_herbarium_sheets/SD/SD00062564.jpg,SD00062564.jpg,copy_keep_cch2_original
/Volumes/Radishes/OG_CCH2_phenology_scored_specimen_images/469123.jpg,/Volumes/Radishes/locally_imaged_herbarium_sheets/SD/SD00062583.jpg,SD00062583.jpg,copy_keep_cch2_original
/Volumes/Radishes/OG_CCH2_phenology_scored_specimen_images/469096.jpg,/Volumes/Radishes/locally_imaged_herbarium_sheets/SD/SD00062584.jpg,SD00062584.jpg,copy_keep_cch2_original
/Volumes/Radishes/OG_CCH2_phenology_scored_specimen_images/469095.jpg,/Volumes/Radishes/locally_imaged_herbarium_sheets/SD/SD00062585.jpg,SD00062585.jpg,copy_keep_cch2_original
/Volumes/Radishes/OG_CCH2_phenology_scored_specimen_images/469063.jpg,/Volumes/Radishes/locally_imaged_herbarium_sheets/SD/SD00062589.jpg,SD00062589.jpg,copy_keep_cch2_original
/Volumes/Radishes/OG_CCH2_phenology_scored_specimen_images/469062.jpg,/Volumes/Radishes/locally_imaged_herbarium_sheets/SD/SD00062590.jpg,SD00062590.jpg,copy_keep_cch2_original
/Volumes/Radishes/OG_CCH2_phenology_scored_specimen_images/469111.jpg,/Volumes/Radishes/locally_imaged_herbarium_sheets/SD/SD00062628.jpg,SD00062628.jpg,copy_keep_cch2_original
/Volumes/Radishes/OG_CCH2_phenology_scored_specimen_images/469107.jpg,/Volumes/Radishes/locally_imaged_herbarium_sheets/SD/SD00062630.jpg,SD00062630.jpg,copy_keep_cch2_original
/Volumes/Radishes/OG_CCH2_phenology_scored_specimen_images/469085.jpg,/Volumes/Radishes/locally_imaged_herbarium_sheets/SD/SD00062638.jpg,SD00062638.jpg,copy_keep_cch2_original
/Volumes/Radishes/OG_CCH2_phenology_scored_specimen_images/469078.jpg,/Volumes/Radishes/locally_imaged_herbarium_sheets/SD/SD00062639.jpg,SD00062639.jpg,copy_keep_cch2_original
/Volumes/Radishes/OG_CCH2_phenology_scored_specimen_images/469066.jpg,/Volumes/Radishes/locally_imaged_herbarium_sheets/SD/SD00062647.jpg,SD00062647.jpg,copy_keep_cch2_original
/Volumes/Radishes/OG_CCH2_phenology_scored_specimen_images/469067.jpg,/Volumes/Radishes/locally_imaged_herbarium_sheets/SD/SD00062648.jpg,SD00062648.jpg,copy_keep_cch2_original
/Volumes/Radishes/OG_CCH2_phenology_scored_specimen_images/469147.jpg,/Volumes/Radishes/locally_imaged_herbarium_sheets/SD/SD00062650.jpg,SD00062650.jpg,copy_keep_cch2_original
/Volumes/Radishes/OG_CCH2_phenology_scored_specimen_images/469129.jpg,/Volumes/Radishes/locally_imaged_herbarium_sheets/SD/SD00062655.jpg,SD00062655.jpg,copy_keep_cch2_original
/Volumes/Radishes/OG_CCH2_phenology_scored_specimen_images/469128.jpg,/Volumes/Radishes/locally_imaged_herbarium_sheets/SD/SD00062656.jpg,SD00062656.jpg,copy_keep_cch2_original
/Volumes/Radishes/OG_CCH2_phenology_scored_specimen_images/469036.jpg,/Volumes/Radishes/locally_imaged_herbarium_sheets/SD/SD00062659.jpg,SD00062659.jpg,copy_keep_cch2_original
/Volumes/Radishes/OG_CCH2_phenology_scored_specimen_images/469031.jpg,/Volumes/Radishes/locally_imaged_herbarium_sheets/SD/SD00062660.jpg,SD00062660.jpg,copy_keep_cch2_original
,,SD00062662.jpg,missing_occid_copy_469027.jpg
/Volumes/Radishes/OG_CCH2_phenology_scored_specimen_images/469006.jpg,/Volumes/Radishes/locally_imaged_herbarium_sheets/SD/SD00062664.jpg,SD00062664.jpg,copy_keep_cch2_original
/Volumes/Radishes/OG_CCH2_phenology_scored_specimen_images/469002.jpg,/Volumes/Radishes/locally_imaged_herbarium_sheets/SD/SD00062666.jpg,SD00062666.jpg,copy_keep_cch2_original
/Volumes/Radishes/OG_CCH2_phenology_scored_specimen_images/469012.jpg,/Volumes/Radishes/locally_imaged_herbarium_sheets/SD/SD00062667.jpg,SD00062667.jpg,copy_keep_cch2_original
/Volumes/Radishes/OG_CCH2_phenology_scored_specimen_images/468987.jpg,/Volumes/Radishes/locally_imaged_herbarium_sheets/SD/SD00062668.jpg,SD00062668.jpg,copy_keep_cch2_original
/Volumes/Radishes/OG_CCH2_phenology_scored_specimen_images/468986.jpg,/Volumes/Radishes/locally_imaged_herbarium_sheets/SD/SD00062669.jpg,SD00062669.jpg,copy_keep_cch2_original
/Volumes/Radishes/OG_CCH2_phenology_scored_specimen_images/468970.jpg,/Volumes/Radishes/locally_imaged_herbarium_sheets/SD/SD00062671.jpg,SD00062671.jpg,copy_keep_cch2_original
/Volumes/Radishes/OG_CCH2_phenology_scored_specimen_images/468968.jpg,/Volumes/Radishes/locally_imaged_herbarium_sheets/SD/SD00062672.jpg,SD00062672.jpg,copy_keep_cch2_original
/Volumes/Radishes/OG_CCH2_phenology_scored_specimen_images/468967.jpg,/Volumes/Radishes/locally_imaged_herbarium_sheets/SD/SD00062673.jpg,SD00062673.jpg,copy_keep_cch2_original
,,SD00062675.jpg,missing_occid_copy_468982.jpg
/Volumes/Radishes/OG_CCH2_phenology_scored_specimen_images/468977.jpg,/Volumes/Radishes/locally_imaged_herbarium_sheets/SD/SD00062676.jpg,SD00062676.jpg,copy_keep_cch2_original
/Volumes/Radishes/OG_CCH2_phenology_scored_specimen_images/468980.jpg,/Volumes/Radishes/locally_imaged_herbarium_sheets/SD/SD00062677.jpg,SD00062677.jpg,copy_keep_cch2_original
/Volumes/Radishes/OG_CCH2_phenology_scored_specimen_images/468971.jpg,/Volumes/Radishes/locally_imaged_herbarium_sheets/SD/SD00062678.jpg,SD00062678.jpg,copy_keep_cch2_original
/Volumes/Radishes/OG_CCH2_phenology_scored_specimen_images/468974.jpg,/Volumes/Radishes/locally_imaged_herbarium_sheets/SD/SD00062679.jpg,SD00062679.jpg,copy_keep_cch2_original
/Volumes/Radishes/OG_CCH2_phenology_scored_specimen_images/469126.jpg,/Volumes/Radishes/locally_imaged_herbarium_sheets/SD/SD00062682.jpg,SD00062682.jpg,copy_keep_cch2_original
/Volumes/Radishes/OG_CCH2_phenology_scored_specimen_images/469040.jpg,/Volumes/Radishes/locally_imaged_herbarium_sheets/SD/SD00062685.jpg,SD00062685.jpg,copy_keep_cch2_original
,,SD00062686.jpg,missing_occid_copy_469038.jpg
/Volumes/Radishes/OG_CCH2_phenology_scored_specimen_images/469079.jpg,/Volumes/Radishes/locally_imaged_herbarium_sheets/SD/SD00062691.jpg,SD00062691.jpg,copy_keep_cch2_original
/Volumes/Radishes/OG_CCH2_phenology_scored_specimen_images/469165.jpg,/Volumes/Radishes/locally_imaged_herbarium_sheets/SD/SD00062696.jpg,SD00062696.jpg,copy_keep_cch2_original
/Volumes/Radishes/OG_CCH2_phenology_scored_specimen_images/469164.jpg,/Volumes/Radishes/locally_imaged_herbarium_sheets/SD/SD00062697.jpg,SD00062697.jpg,copy_keep_cch2_original
/Volumes/Radishes/OG_CCH2_phenology_scored_specimen_images/469163.jpg,/Volumes/Radishes/locally_imaged_herbarium_sheets/SD/SD00062698.jpg,SD00062698.jpg,copy_keep_cch2_original
/Volumes/Radishes/OG_CCH2_phenology_scored_specimen_images/469160.jpg,/Volumes/Radishes/locally_imaged_herbarium_sheets/SD/SD00062701.jpg,SD00062701.jpg,copy_keep_cch2_original
/Volumes/Radishes/OG_CCH2_phenology_scored_specimen_images/469152.jpg,/Volumes/Radishes/locally_imaged_herbarium_sheets/SD/SD00062702.jpg,SD00062702.jpg,copy_keep_cch2_original
/Volumes/Radishes/OG_CCH2_phenology_scored_specimen_images/469151.jpg,/Volumes/Radishes/locally_imaged_herbarium_sheets/SD/SD00062705.jpg,SD00062705.jpg,copy_keep_cch2_original
/Volumes/Radishes/OG_CCH2_phenology_scored_specimen_images/469139.jpg,/Volumes/Radishes/locally_imaged_herbarium_sheets/SD/SD00062706.jpg,SD00062706.jpg,copy_keep_cch2_original
/Volumes/Radishes/OG_CCH2_phenology_scored_specimen_images/469137.jpg,/Volumes/Radishes/locally_imaged_herbarium_sheets/SD/SD00062707.jpg,SD00062707.jpg,copy_keep_cch2_original
,,SD00062710.jpg,missing_occid_copy_469018.jpg
/Volumes/Radishes/OG_CCH2_phenology_scored_specimen_images/468984.jpg,/Volumes/Radishes/locally_imaged_herbarium_sheets/SD/SD00062713.jpg,SD00062713.jpg,copy_keep_cch2_original
/Volumes/Radishes/OG_CCH2_phenology_scored_specimen_images/468995.jpg,/Volumes/Radishes/locally_imaged_herbarium_sheets/SD/SD00062714.jpg,SD00062714.jpg,copy_keep_cch2_original
/Volumes/Radishes/OG_CCH2_phenology_scored_specimen_images/468990.jpg,/Volumes/Radishes/locally_imaged_herbarium_sheets/SD/SD00062715.jpg,SD00062715.jpg,copy_keep_cch2_original
/Volumes/Radishes/OG_CCH2_phenology_scored_specimen_images/468991.jpg,/Volumes/Radishes/locally_imaged_herbarium_sheets/SD/SD00062716.jpg,SD00062716.jpg,copy_keep_cch2_original
,,SD00062717.jpg,missing_occid_copy_468992.jpg
/Volumes/Radishes/OG_CCH2_phenology_scored_specimen_images/468964.jpg,/Volumes/Radishes/locally_imaged_herbarium_sheets/SD/SD00062718.jpg,SD00062718.jpg,copy_keep_cch2_original
/Volumes/Radishes/OG_CCH2_phenology_scored_specimen_images/469091.jpg,/Volumes/Radishes/locally_imaged_herbarium_sheets/SD/SD00062720.jpg,SD00062720.jpg,copy_keep_cch2_original
,,SD00062722.jpg,missing_occid_copy_469175.jpg
/Volumes/Radishes/OG_CCH2_phenology_scored_specimen_images/469174.jpg,/Volumes/Radishes/locally_imaged_herbarium_sheets/SD/SD00062723.jpg,SD00062723.jpg,copy_keep_cch2_original
/Volumes/Radishes/OG_CCH2_phenology_scored_specimen_images/469173.jpg,/Volumes/Radishes/locally_imaged_herbarium_sheets/SD/SD00062724.jpg,SD00062724.jpg,copy_keep_cch2_original
/Volumes/Radishes/OG_CCH2_phenology_scored_specimen_images/469176.jpg,/Volumes/Radishes/locally_imaged_herbarium_sheets/SD/SD00062725.jpg,SD00062725.jpg,copy_keep_cch2_original
/Volumes/Radishes/OG_CCH2_phenology_scored_specimen_images/469157.jpg,/Volumes/Radishes/locally_imaged_herbarium_sheets/SD/SD00062726.jpg,SD00062726.jpg,copy_keep_cch2_original
/Volumes/Radishes/OG_CCH2_phenology_scored_specimen_images/469105.jpg,/Volumes/Radishes/locally_imaged_herbarium_sheets/SD/SD00062729.jpg,SD00062729.jpg,copy_keep_cch2_original
/Volumes/Radishes/OG_CCH2_phenology_scored_specimen_images/469115.jpg,/Volumes/Radishes/locally_imaged_herbarium_sheets/SD/SD00062731.jpg,SD00062731.jpg,copy_keep_cch2_original
/Volumes/Radishes/OG_CCH2_phenology_scored_specimen_images/469113.jpg,/Volumes/Radishes/locally_imaged_herbarium_sheets/SD/SD00062733.jpg,SD00062733.jpg,copy_keep_cch2_original
/Volumes/Radishes/OG_CCH2_phenology_scored_specimen_images/469114.jpg,/Volumes/Radishes/locally_imaged_herbarium_sheets/SD/SD00062734.jpg,SD00062734.jpg,copy_keep_cch2_original
/Volumes/Radishes/OG_CCH2_phenology_scored_specimen_images/469065.jpg,/Volumes/Radishes/locally_imaged_herbarium_sheets/SD/SD00062735.jpg,SD00062735.jpg,copy_keep_cch2_original
/Volumes/Radishes/OG_CCH2_phenology_scored_specimen_images/469026.jpg,/Volumes/Radishes/locally_imaged_herbarium_sheets/SD/SD00062737.jpg,SD00062737.jpg,copy_keep_cch2_original
,,SD00062738.jpg,missing_occid_copy_469025.jpg
,,SD00062739.jpg,missing_occid_copy_469005.jpg
,,SD00062741.jpg,missing_occid_copy_468962.jpg
/Volumes/Radishes/OG_CCH2_phenology_scored_specimen_images/468963.jpg,/Volumes/Radishes/locally_imaged_herbarium_sheets/SD/SD00062742.jpg,SD00062742.jpg,copy_keep_cch2_original
/Volumes/Radishes/OG_CCH2_phenology_scored_specimen_images/468985.jpg,/Volumes/Radishes/locally_imaged_herbarium_sheets/SD/SD00062743.jpg,SD00062743.jpg,copy_keep_cch2_original
,,SD00062744.jpg,missing_occid_copy_468961.jpg
/Volumes/Radishes/OG_CCH2_phenology_scored_specimen_images/468965.jpg,/Volumes/Radishes/locally_imaged_herbarium_sheets/SD/SD00062745.jpg,SD00062745.jpg,copy_keep_cch2_original
,,SD00062747.jpg,missing_occid_copy_469061.jpg
,,SD00062752.jpg,missing_occid_copy_469055.jpg
/Volumes/Radishes/OG_CCH2_phenology_scored_specimen_images/468966.jpg,/Volumes/Radishes/locally_imaged_herbarium_sheets/SD/SD00062754.jpg,SD00062754.jpg,copy_keep_cch2_original
/Volumes/Radishes/OG_CCH2_phenology_scored_specimen_images/469046.jpg,/Volumes/Radishes/locally_imaged_herbarium_sheets/SD/SD00062759.jpg,SD00062759.jpg,copy_keep_cch2_original
,,SD00062766.jpg,missing_occid_copy_469033.jpg
/Volumes/Radishes/OG_CCH2_phenology_scored_specimen_images/469028.jpg,/Volumes/Radishes/locally_imaged_herbarium_sheets/SD/SD00062768.jpg,SD00062768.jpg,copy_keep_cch2_original
,,SD00062770.jpg,missing_occid_copy_469155.jpg
,,SD00062774.jpg,missing_occid_copy_469140.jpg
/Volumes/Radishes/OG_CCH2_phenology_scored_specimen_images/469138.jpg,/Volumes/Radishes/locally_imaged_herbarium_sheets/SD/SD00062775.jpg,SD00062775.jpg,copy_keep_cch2_original
/Volumes/Radishes/OG_CCH2_phenology_scored_specimen_images/469136.jpg,/Volumes/Radishes/locally_imaged_herbarium_sheets/SD/SD00062776.jpg,SD00062776.jpg,copy_keep_cch2_original
/Volumes/Radishes/OG_CCH2_phenology_scored_specimen_images/469119.jpg,/Volumes/Radishes/locally_imaged_herbarium_sheets/SD/SD00062784.jpg,SD00062784.jpg,copy_keep_cch2_original
/Volumes/Radishes/OG_CCH2_phenology_scored_specimen_images/468998.jpg,/Volumes/Radishes/locally_imaged_herbarium_sheets/SD/SD00062791.jpg,SD00062791.jpg,copy_keep_cch2_original
/Volumes/Radishes/OG_CCH2_phenology_scored_specimen_images/468997.jpg,/Volumes/Radishes/locally_imaged_herbarium_sheets/SD/SD00062792.jpg,SD00062792.jpg,copy_keep_cch2_original
/Volumes/Radishes/OG_CCH2_phenology_scored_specimen_images/468993.jpg,/Volumes/Radishes/locally_imaged_herbarium_sheets/SD/SD00062793.jpg,SD00062793.jpg,copy_keep_cch2_original
,,SD00062794.jpg,missing_occid_copy_468994.jpg
/Volumes/Radishes/OG_CCH2_phenology_scored_specimen_images/469072.jpg,/Volumes/Radishes/locally_imaged_herbarium_sheets/SD/SD00062796.jpg,SD00062796.jpg,copy_keep_cch2_original
/Volumes/Radishes/OG_CCH2_phenology_scored_specimen_images/468996.jpg,/Volumes/Radishes/locally_imaged_herbarium_sheets/SD/SD00062799.jpg,SD00062799.jpg,copy_keep_cch2_original
/Volumes/Radishes/OG_CCH2_phenology_scored_specimen_images/468988.jpg,/Volumes/Radishes/locally_imaged_herbarium_sheets/SD/SD00062800.jpg,SD00062800.jpg,copy_keep_cch2_original
/Volumes/Radishes/OG_CCH2_phenology_scored_specimen_images/469011.jpg,/Volumes/Radishes/locally_imaged_herbarium_sheets/SD/SD00062802.jpg,SD00062802.jpg,copy_keep_cch2_original
,,SD00083704.jpg,missing_occid_copy_5934188.jpg
/Volumes/Radishes/OG_CCH2_phenology_scored_specimen_images/6014478.jpg,/Volumes/Radishes/locally_imaged_herbarium_sheets/SD/SD00087803.jpg,SD00087803.jpg,copy_keep_cch2_original
/Volumes/Radishes/155TrainingSet/469021.jpg,/Volumes/Radishes/locally_imaged_herbarium_sheets/SD/SD00061955.jpg,SD00061955.jpg,copy_keep_original
/Volumes/Radishes/155TrainingSet/469135.jpg,/Volumes/Radishes/locally_imaged_herbarium_sheets/SD/SD00062557.jpg,SD00062557.jpg,copy_keep_original
/Volumes/Radishes/155TrainingSet/3737681.jpg,/Volumes/Radishes/locally_imaged_herbarium_sheets/SD/SD00062562.jpg,SD00062562.jpg,copy_keep_original
/Volumes/Radishes/155TrainingSet/468982.jpg,/Volumes/Radishes/locally_imaged_herbarium_sheets/SD/SD00062675.jpg,SD00062675.jpg,copy_keep_original
/Volumes/Radishes/155TrainingSet/468962.jpg,/Volumes/Radishes/locally_imaged_herbarium_sheets/SD/SD00062741.jpg,SD00062741.jpg,copy_keep_original
/Volumes/Radishes/155TrainingSet/468961.jpg,/Volumes/Radishes/locally_imaged_herbarium_sheets/SD/SD00062744.jpg,SD00062744.jpg,copy_keep_original
/Volumes/Radishes/155TrainingSet/469055.jpg,/Volumes/Radishes/locally_imaged_herbarium_sheets/SD/SD00062752.jpg,SD00062752.jpg,copy_keep_original
/Volumes/Radishes/155TrainingSet/469033.jpg,/Volumes/Radishes/locally_imaged_herbarium_sheets/SD/SD00062766.jpg,SD00062766.jpg,copy_keep_original
/Volumes/Radishes/155TrainingSet/468994.jpg,/Volumes/Radishes/locally_imaged_herbarium_sheets/SD/SD00062794.jpg,SD00062794.jpg,copy_keep_original
/Volumes/Radishes/155TrainingSet/5934188.jpg,/Volumes/Radishes/locally_imaged_herbarium_sheets/SD/SD00083704.jpg,SD00083704.jpg,copy_keep_original
