gbifID,catalogNumber,institutionCode,scientificName,image_url,dest_path,image_source
6326248462,1722470,CAS,Raphanus L.,https://ibss-images.calacademy.org/static/botany/originals/95/49/954901d3-6a8b-4b73-a6a9-e0cc50f5ae1e.jpg,/Volumes/Radishes/GBIF_2026_update_scoring_images/6326248462.jpg,gbif_fresh_download
6326199356,1722469,CAS,Raphanus L.,https://ibss-images.calacademy.org/static/botany/originals/47/55/47551941-674c-4e1c-9797-180c46d645cf.jpg,/Volumes/Radishes/GBIF_2026_update_scoring_images/6326199356.jpg,gbif_fresh_download
6326177492,1722471,CAS,Raphanus L.,https://ibss-images.calacademy.org/static/botany/originals/0b/95/0b9525cf-0952-4adc-b344-e6e6218d5a54.jpg,/Volumes/Radishes/GBIF_2026_update_scoring_images/6326177492.jpg,gbif_fresh_download
6326105302,1722472,CAS,Raphanus L.,https://ibss-images.calacademy.org/static/botany/originals/29/cd/29cd58bd-b0a2-4d11-8659-c93504c38642.jpg,/Volumes/Radishes/GBIF_2026_update_scoring_images/6326105302.jpg,gbif_fresh_download
6289062386,1419821,CAS,Raphanus sativus L.,https://ibss-images.calacademy.org/static/botany/originals/ac/7e/ac7eb1c7-fcac-4f38-afc4-65942780fd3b.JPG,/Volumes/Radishes/GBIF_2026_update_scoring_images/6289062386.jpg,gbif_fresh_download
6250050424,105186816,MO,Raphanus raphanistrum L.,https://images.mobot.org/RISScanning02/detailImages/RISScanning02/103041000/1A26FB2D-B79D-4BCB-B0AA-939DF38D2870.jpg,/Volumes/Radishes/GBIF_2026_update_scoring_images/6250050424.jpg,gbif_fresh_download
6192450257,1009,CGCC,Raphanus raphanistrum L.,https://media01.symbiota.org/media/seinet/mam/CGCC/00001/1009.JPG,/Volumes/Radishes/GBIF_2026_update_scoring_images/6192450257.jpg,gbif_fresh_download
6177123543,VSC0017703,VSC,Raphanus raphanistrum L.,https://media01.symbiota.org/media/seinet/sernec/VSC/VSC0017/VSC0017703.jpg,/Volumes/Radishes/GBIF_2026_update_scoring_images/6177123543.jpg,gbif_fresh_download
6177123381,VSC0017705,VSC,Raphanus raphanistrum L.,https://media01.symbiota.org/media/seinet/sernec/VSC/VSC0017/VSC0017705.jpg,/Volumes/Radishes/GBIF_2026_update_scoring_images/6177123381.jpg,gbif_fresh_download
6177122665,VSC0017701,VSC,Raphanus raphanistrum L.,https://media01.symbiota.org/media/seinet/sernec/VSC/VSC0017/VSC0017701.jpg,/Volumes/Radishes/GBIF_2026_update_scoring_images/6177122665.jpg,gbif_fresh_download
6177120501,VSC0017713,VSC,Raphanus raphanistrum L.,https://media01.symbiota.org/media/seinet/sernec/VSC/VSC0017/VSC0017713.jpg,/Volumes/Radishes/GBIF_2026_update_scoring_images/6177120501.jpg,gbif_fresh_download
6177106831,VSC0017708,VSC,Raphanus raphanistrum L.,https://media01.symbiota.org/media/seinet/sernec/VSC/VSC0017/VSC0017708.jpg,/Volumes/Radishes/GBIF_2026_update_scoring_images/6177106831.jpg,gbif_fresh_download
6177105425,VSC0017693,VSC,Raphanus raphanistrum L.,https://media01.symbiota.org/media/seinet/sernec/VSC/VSC0017/VSC0017693.jpg,/Volumes/Radishes/GBIF_2026_update_scoring_images/6177105425.jpg,gbif_fresh_download
6177100628,VSC0002395,VSC,Raphanus raphanistrum L.,https://media01.symbiota.org/media/seinet/sernec/VSC/VSC0002/VSC0002395.jpg,/Volumes/Radishes/GBIF_2026_update_scoring_images/6177100628.jpg,gbif_fresh_download
6177097706,VSC0017716,VSC,Raphanus L.,https://media01.symbiota.org/media/seinet/sernec/VSC/VSC0017/VSC0017716.jpg,/Volumes/Radishes/GBIF_2026_update_scoring_images/6177097706.jpg,gbif_fresh_download
6177082028,VSC0017702,VSC,Raphanus raphanistrum L.,https://media01.symbiota.org/media/seinet/sernec/VSC/VSC0017/VSC0017702.jpg,/Volumes/Radishes/GBIF_2026_update_scoring_images/6177082028.jpg,gbif_fresh_download
6177080967,VSC0017709,VSC,Raphanus raphanistrum L.,https://media01.symbiota.org/media/seinet/sernec/VSC/VSC0017/VSC0017709.jpg,/Volumes/Radishes/GBIF_2026_update_scoring_images/6177080967.jpg,gbif_fresh_download
6177075044,VSC0017712,VSC,Raphanus raphanistrum L.,https://media01.symbiota.org/media/seinet/sernec/VSC/VSC0017/VSC0017712.jpg,/Volumes/Radishes/GBIF_2026_update_scoring_images/6177075044.jpg,gbif_fresh_download
6177073490,VSC0017700,VSC,Raphanus raphanistrum L.,https://media01.symbiota.org/media/seinet/sernec/VSC/VSC0017/VSC0017700.jpg,/Volumes/Radishes/GBIF_2026_update_scoring_images/6177073490.jpg,gbif_fresh_download
6177072496,VSC0017706,VSC,Raphanus raphanistrum L.,https://media01.symbiota.org/media/seinet/sernec/VSC/VSC0017/VSC0017706.jpg,/Volumes/Radishes/GBIF_2026_update_scoring_images/6177072496.jpg,gbif_fresh_download
6177071883,VSC0004360,VSC,Raphanus raphanistrum L.,https://media01.symbiota.org/media/seinet/sernec/VSC/VSC0004/VSC0004360.jpg,/Volumes/Radishes/GBIF_2026_update_scoring_images/6177071883.jpg,gbif_fresh_download
6177068612,VSC0017707,VSC,Raphanus raphanistrum L.,https://media01.symbiota.org/media/seinet/sernec/VSC/VSC0017/VSC0017707.jpg,/Volumes/Radishes/GBIF_2026_update_scoring_images/6177068612.jpg,gbif_fresh_download
6177063839,VSC0017697,VSC,Raphanus raphanistrum L.,https://media01.symbiota.org/media/seinet/sernec/VSC/VSC0017/VSC0017697.jpg,/Volumes/Radishes/GBIF_2026_update_scoring_images/6177063839.jpg,gbif_fresh_download
6177053092,VSC0017704,VSC,Raphanus raphanistrum L.,https://media01.symbiota.org/media/seinet/sernec/VSC/VSC0017/VSC0017704.jpg,/Volumes/Radishes/GBIF_2026_update_scoring_images/6177053092.jpg,gbif_fresh_download
6177052644,VSC0004359,VSC,Raphanus raphanistrum L.,https://media01.symbiota.org/media/seinet/sernec/VSC/VSC0004/VSC0004359.jpg,/Volumes/Radishes/GBIF_2026_update_scoring_images/6177052644.jpg,gbif_fresh_download
6177047351,VSC0017698,VSC,Raphanus raphanistrum L.,https://media01.symbiota.org/media/seinet/sernec/VSC/VSC0017/VSC0017698.jpg,/Volumes/Radishes/GBIF_2026_update_scoring_images/6177047351.jpg,gbif_fresh_download
6177044097,VSC0017695,VSC,Raphanus raphanistrum L.,https://media01.symbiota.org/media/seinet/sernec/VSC/VSC0017/VSC0017695.jpg,/Volumes/Radishes/GBIF_2026_update_scoring_images/6177044097.jpg,gbif_fresh_download
6177041958,VSC0017694,VSC,Raphanus raphanistrum L.,https://media01.symbiota.org/media/seinet/sernec/VSC/VSC0017/VSC0017694.jpg,/Volumes/Radishes/GBIF_2026_update_scoring_images/6177041958.jpg,gbif_fresh_download
6177038441,VSC0081643,VSC,Raphanus raphanistrum L.,https://sernecportal.org/media/sernec/VSC/VSC0081/VSC0081643.jpg,/Volumes/Radishes/GBIF_2026_update_scoring_images/6177038441.jpg,gbif_fresh_download
6177034879,VSC0017714,VSC,Raphanus raphanistrum L.,https://media01.symbiota.org/media/seinet/sernec/VSC/VSC0017/VSC0017714.jpg,/Volumes/Radishes/GBIF_2026_update_scoring_images/6177034879.jpg,gbif_fresh_download
6177032151,VSC0017711,VSC,Raphanus raphanistrum L.,https://media01.symbiota.org/media/seinet/sernec/VSC/VSC0017/VSC0017711.jpg,/Volumes/Radishes/GBIF_2026_update_scoring_images/6177032151.jpg,gbif_fresh_download
6177031326,VSC0017710,VSC,Raphanus raphanistrum L.,https://media01.symbiota.org/media/seinet/sernec/VSC/VSC0017/VSC0017710.jpg,/Volumes/Radishes/GBIF_2026_update_scoring_images/6177031326.jpg,gbif_fresh_download
