gbifID,catalogNumber,institutionCode,scientificName,match_fail_reason
6512220625,SACT012153,SACT,Raphanus sativus L.,new to 09.10.2026 download but no http URL in multimedia identifier/references
6512219236,SACT012143,SACT,Raphanus raphanistrum L.,new to 09.10.2026 download but no http URL in multimedia identifier/references
6512218010,SACT012137,SACT,Raphanus raphanistrum L.,new to 09.10.2026 download but no http URL in multimedia identifier/references
6512217735,SACT012154,SACT,Raphanus sativus L.,new to 09.10.2026 download but no http URL in multimedia identifier/references
6512217443,SACT012149,SACT,Raphanus sativus L.,new to 09.10.2026 download but no http URL in multimedia identifier/references
6512216141,SACT012145,SACT,Raphanus sativus L.,new to 09.10.2026 download but no http URL in multimedia identifier/references
6512215673,SACT012147,SACT,Raphanus sativus L.,new to 09.10.2026 download but no http URL in multimedia identifier/references
6512215635,SACT012133,SACT,Raphanus raphanistrum L.,new to 09.10.2026 download but no http URL in multimedia identifier/references
6512214849,SACT012140,SACT,Raphanus raphanistrum L.,new to 09.10.2026 download but no http URL in multimedia identifier/references
6512214750,SACT012146,SACT,Raphanus sativus L.,new to 09.10.2026 download but no http URL in multimedia identifier/references
6512212415,SACT012151,SACT,Raphanus sativus L.,new to 09.10.2026 download but no http URL in multimedia identifier/references
6512211884,SACT012152,SACT,Raphanus sativus L.,new to 09.10.2026 download but no http URL in multimedia identifier/references
6512211005,SACT012150,SACT,Raphanus sativus L.,new to 09.10.2026 download but no http URL in multimedia identifier/references
6512208442,SACT012148,SACT,Raphanus sativus L.,new to 09.10.2026 download but no http URL in multimedia identifier/references
6512208011,SACT012136,SACT,Raphanus raphanistrum L.,new to 09.10.2026 download but no http URL in multimedia identifier/references
6512207145,SACT012134,SACT,Raphanus raphanistrum L.,new to 09.10.2026 download but no http URL in multimedia identifier/references
6512205760,SACT012139,SACT,Raphanus raphanistrum L.,new to 09.10.2026 download but no http URL in multimedia identifier/references
6512205419,SACT012138,SACT,Raphanus raphanistrum L.,new to 09.10.2026 download but no http URL in multimedia identifier/references
6512204524,SACT012142,SACT,Raphanus raphanistrum L.,new to 09.10.2026 download but no http URL in multimedia identifier/references
6512203794,SACT012144,SACT,Raphanus raphanistrum L.,new to 09.10.2026 download but no http URL in multimedia identifier/references
6512203706,SACT012141,SACT,Raphanus raphanistrum L.,new to 09.10.2026 download but no http URL in multimedia identifier/references
6512201460,SACT012135,SACT,Raphanus raphanistrum L.,new to 09.10.2026 download but no http URL in multimedia identifier/references
6503305311,NCU00469119,NCU,Raphanus raphanistrum L.,new to 09.10.2026 download but no http URL in multimedia identifier/references
6503168415,UCHT049763,UTC,Raphanus raphanistrum L.,new to 09.10.2026 download but no http URL in multimedia identifier/references
6503164329,MMNS086761,MMNS,Raphanus sativus L.,new to 09.10.2026 download but no http URL in multimedia identifier/references
6503155572,GMUF-0057067,GMUF,Raphanus raphanistrum L.,new to 09.10.2026 download but no http URL in multimedia identifier/references
6503153551,GMUF-0057072,GMUF,Raphanus sativus L.,new to 09.10.2026 download but no http URL in multimedia identifier/references
6503151838,GMUF-0057066,GMUF,Raphanus raphanistrum L.,new to 09.10.2026 download but no http URL in multimedia identifier/references
6503151548,GMUF-0057058,GMUF,Raphanus raphanistrum L.,new to 09.10.2026 download but no http URL in multimedia identifier/references
6503151459,GMUF-0057063,GMUF,Raphanus raphanistrum L.,new to 09.10.2026 download but no http URL in multimedia identifier/references
6503151185,GMUF-0057073,GMUF,Raphanus sativus L.,new to 09.10.2026 download but no http URL in multimedia identifier/references
6503150674,GMUF-0057071,GMUF,Raphanus sativus L.,new to 09.10.2026 download but no http URL in multimedia identifier/references
6503150670,GMUF-0057064,GMUF,Raphanus raphanistrum L.,new to 09.10.2026 download but no http URL in multimedia identifier/references
6503149920,GMUF-0057065,GMUF,Raphanus raphanistrum L.,new to 09.10.2026 download but no http URL in multimedia identifier/references
6503149906,GMUF-0057060,GMUF,Raphanus raphanistrum L.,new to 09.10.2026 download but no http URL in multimedia identifier/references
6503149877,GMUF-0057061,GMUF,Raphanus raphanistrum L.,new to 09.10.2026 download but no http URL in multimedia identifier/references
6503149858,GMUF-0057069,GMUF,Raphanus raphanistrum L.,new to 09.10.2026 download but no http URL in multimedia identifier/references
6503149511,GMUF-0057068,GMUF,Raphanus raphanistrum L.,new to 09.10.2026 download but no http URL in multimedia identifier/references
6503149030,GMUF-0057070,GMUF,Raphanus sativus L.,new to 09.10.2026 download but no http URL in multimedia identifier/references
6503148717,GMUF-0057062,GMUF,Raphanus raphanistrum L.,new to 09.10.2026 download but no http URL in multimedia identifier/references
6503075050,TAES0130791,TAES,Raphanus raphanistrum L.,new to 09.10.2026 download but no http URL in multimedia identifier/references
6502494303,NA,SD,Raphanus raphanistrum L.,new to 09.10.2026 download but no http URL in multimedia identifier/references
6491605335,UWEC07489,UWEC,Raphanus sativus L.,new to 09.10.2026 download but no http URL in multimedia identifier/references
6490909350,BRYV0408666,BRY,Raphanus raphanistrum L.,new to 09.10.2026 download but no http URL in multimedia identifier/references
6490890601,BRYV0408649,BRY,Raphanus raphanistrum L.,new to 09.10.2026 download but no http URL in multimedia identifier/references
6490890406,BRYV0408667,BRY,Raphanus raphanistrum L.,new to 09.10.2026 download but no http URL in multimedia identifier/references
6490890333,BRYV0408664,BRY,Raphanus raphanistrum L.,new to 09.10.2026 download but no http URL in multimedia identifier/references
6490888462,BRYV0408668,BRY,Raphanus raphanistrum L.,new to 09.10.2026 download but no http URL in multimedia identifier/references
6490887625,BRYV0408656,BRY,Raphanus raphanistrum L.,new to 09.10.2026 download but no http URL in multimedia identifier/references
6490885360,BRYV0408659,BRY,Raphanus raphanistrum L.,new to 09.10.2026 download but no http URL in multimedia identifier/references
6490884718,BRYV0408654,BRY,Raphanus raphanistrum L.,new to 09.10.2026 download but no http URL in multimedia identifier/references
6490884667,BRYV0408651,BRY,Raphanus raphanistrum L.,new to 09.10.2026 download but no http URL in multimedia identifier/references
6490884387,BRYV0408665,BRY,Raphanus raphanistrum L.,new to 09.10.2026 download but no http URL in multimedia identifier/references
6490882718,BRYV0408653,BRY,Raphanus raphanistrum L.,new to 09.10.2026 download but no http URL in multimedia identifier/references
6490880916,BRYV0408657,BRY,Raphanus raphanistrum L.,new to 09.10.2026 download but no http URL in multimedia identifier/references
6490880867,BRYV0408658,BRY,Raphanus raphanistrum L.,new to 09.10.2026 download but no http URL in multimedia identifier/references
6490880025,BRYV0408655,BRY,Raphanus raphanistrum L.,new to 09.10.2026 download but no http URL in multimedia identifier/references
6490879393,BRYV0408650,BRY,Raphanus raphanistrum L.,new to 09.10.2026 download but no http URL in multimedia identifier/references
6490877971,BRYV0408661,BRY,Raphanus raphanistrum L.,new to 09.10.2026 download but no http URL in multimedia identifier/references
6490877749,BRYV0408670,BRY,Raphanus raphanistrum L.,new to 09.10.2026 download but no http URL in multimedia identifier/references
6490875055,BRYV0408663,BRY,Raphanus raphanistrum L.,new to 09.10.2026 download but no http URL in multimedia identifier/references
6490874468,BRYV0408676,BRY,Raphanus sativus L.,new to 09.10.2026 download but no http URL in multimedia identifier/references
6490872435,BRYV0408680,BRY,Raphanus sativus L.,new to 09.10.2026 download but no http URL in multimedia identifier/references
6490872310,BRYV0408674,BRY,Raphanus sativus L.,new to 09.10.2026 download but no http URL in multimedia identifier/references
6490872238,BRYV0408648,BRY,Raphanus raphanistrum L.,new to 09.10.2026 download but no http URL in multimedia identifier/references
6490871761,BRYV0408681,BRY,Raphanus sativus L.,new to 09.10.2026 download but no http URL in multimedia identifier/references
6490871596,BRYV0408652,BRY,Raphanus raphanistrum L.,new to 09.10.2026 download but no http URL in multimedia identifier/references
6490871395,BRYV0408669,BRY,Raphanus raphanistrum L.,new to 09.10.2026 download but no http URL in multimedia identifier/references
6439468736,NMC044603,NMC-NMCR,Raphanus raphanistrum L.,new to 09.10.2026 download but no http URL in multimedia identifier/references
6439456959,NMC044607,NMC-NMCR,Raphanus raphanistrum L.,new to 09.10.2026 download but no http URL in multimedia identifier/references
6439379526,NMC044604,NMC-NMCR,Raphanus raphanistrum L.,new to 09.10.2026 download but no http URL in multimedia identifier/references
6415723330,SD00102985,SD,Raphanus sativus L.,new to 09.10.2026 download but no http URL in multimedia identifier/references
6415567317,NA,IRVC,Raphanus sativus L.,new to 09.10.2026 download but no http URL in multimedia identifier/references
6410260358,NBYC003698,NBYC,Raphanus raphanistrum L.,new to 09.10.2026 download but no http URL in multimedia identifier/references
6410258421,NBYC003702,NBYC,Raphanus raphanistrum L.,new to 09.10.2026 download but no http URL in multimedia identifier/references
6410257500,NBYC003700,NBYC,Raphanus raphanistrum L.,new to 09.10.2026 download but no http URL in multimedia identifier/references
6410256586,NBYC003705,NBYC,Raphanus raphanistrum L.,new to 09.10.2026 download but no http URL in multimedia identifier/references
6410256100,NBYC003711,NBYC,Raphanus raphanistrum L.,new to 09.10.2026 download but no http URL in multimedia identifier/references
6410255064,NBYC003706,NBYC,Raphanus raphanistrum L.,new to 09.10.2026 download but no http URL in multimedia identifier/references
6410254578,NBYC003703,NBYC,Raphanus raphanistrum L.,new to 09.10.2026 download but no http URL in multimedia identifier/references
6410254464,NBYC000058,NBYC,Raphanus raphanistrum L.,new to 09.10.2026 download but no http URL in multimedia identifier/references
6410253665,NBYC003699,NBYC,Raphanus raphanistrum L.,new to 09.10.2026 download but no http URL in multimedia identifier/references
6410251354,NBYC003708,NBYC,Raphanus raphanistrum L.,new to 09.10.2026 download but no http URL in multimedia identifier/references
6410250653,NBYC003710,NBYC,Raphanus raphanistrum L.,new to 09.10.2026 download but no http URL in multimedia identifier/references
6410249233,NBYC003717,NBYC,Raphanus raphanistrum L.,new to 09.10.2026 download but no http URL in multimedia identifier/references
6410248974,nbyc003713,NBYC,Raphanus raphanistrum L.,new to 09.10.2026 download but no http URL in multimedia identifier/references
6410246864,NBYC003714,NBYC,Raphanus raphanistrum L.,new to 09.10.2026 download but no http URL in multimedia identifier/references
6410243014,NBYC003697,NBYC,Raphanus raphanistrum L.,new to 09.10.2026 download but no http URL in multimedia identifier/references
6410241704,NBYC003715,NBYC,Raphanus raphanistrum L.,new to 09.10.2026 download but no http URL in multimedia identifier/references
6410241620,NBYC003716,NBYC,Raphanus raphanistrum L.,new to 09.10.2026 download but no http URL in multimedia identifier/references
6410239307,NBYC003707,NBYC,Raphanus raphanistrum L.,new to 09.10.2026 download but no http URL in multimedia identifier/references
6410239114,NBYC003701,NBYC,Raphanus raphanistrum L.,new to 09.10.2026 download but no http URL in multimedia identifier/references
6410238786,NBYC003709,NBYC,Raphanus raphanistrum L.,new to 09.10.2026 download but no http URL in multimedia identifier/references
6410238322,NBYC003712,NBYC,Raphanus raphanistrum L.,new to 09.10.2026 download but no http URL in multimedia identifier/references
6410236801,NBYC003704,NBYC,Raphanus raphanistrum L.,new to 09.10.2026 download but no http URL in multimedia identifier/references
6351907311,NCU00467307,NCU,Raphanus raphanistrum L.,new to 09.10.2026 download but no http URL in multimedia identifier/references
6351904314,NCU00467321,NCU,Raphanus raphanistrum L.,new to 09.10.2026 download but no http URL in multimedia identifier/references
6351902302,NCU00467320,NCU,Raphanus raphanistrum L.,new to 09.10.2026 download but no http URL in multimedia identifier/references
6351896310,NCU00467308,NCU,Raphanus raphanistrum L.,new to 09.10.2026 download but no http URL in multimedia identifier/references
6351891304,NCU00467322,NCU,Raphanus raphanistrum L.,new to 09.10.2026 download but no http URL in multimedia identifier/references
6351888310,NCU00467319,NCU,Raphanus raphanistrum L.,new to 09.10.2026 download but no http URL in multimedia identifier/references
6341315367,NA,US,Raphanus raphanistrum var. sativus (L.) Schmalh.,new to 09.10.2026 download but no http URL in multimedia identifier/references
6227344498,3953,COCC,Raphanus sativus L.,new to 09.10.2026 download but no http URL in multimedia identifier/references
6176537422,CM557645,CM,Raphanus raphanistrum L.,new to 09.10.2026 download but no http URL in multimedia identifier/references
6176433317,WTU-V-469073,WTU,Raphanus raphanistrum L.,new to 09.10.2026 download but no http URL in multimedia identifier/references
6176424912,28942,SOC,Raphanus sativus L.,new to 09.10.2026 download but no http URL in multimedia identifier/references
6176420650,25955,HPSU,Raphanus sativus L.,new to 09.10.2026 download but no http URL in multimedia identifier/references
6161390341,45245,GREE,Raphanus sativus L.,new to 09.10.2026 download but no http URL in multimedia identifier/references
6116410998,MMNS091628,MMNS,Raphanus raphanistrum L.,new to 09.10.2026 download but no http URL in multimedia identifier/references
1144760802,G00302235,CJBG,Raphanus maritimus Sm.,new to 09.10.2026 download but no http URL in multimedia identifier/references
