filename,error
2422482443.jpg,image file is truncated (1 bytes not processed)
3125184378.jpg,"HTTPSConnectionPool(host='serverless.roboflow.com', port=443): Max retries exceeded with url: /raphanus-specimen-phenology/phenologyscoringeve-11-yolov8x-seg-t1?api_key=41VMwhwiEiKscncsEEHj&disable_active_learning=False (Caused by SSLError(SSLError(1, '[SSL: SSLV3_ALERT_BAD_RECORD_MAC] sslv3 alert bad record mac (_ssl.c:2633)')))"
3125185401.jpg,"HTTPSConnectionPool(host='serverless.roboflow.com', port=443): Max retries exceeded with url: /raphanus-specimen-phenology/phenologyscoringeve-11-yolov8x-seg-t1?api_key=41VMwhwiEiKscncsEEHj&disable_active_learning=False (Caused by SSLError(SSLError(1, '[SSL: SSLV3_ALERT_BAD_RECORD_MAC] sslv3 alert bad record mac (_ssl.c:2633)')))"
3125187379.jpg,"HTTPSConnectionPool(host='serverless.roboflow.com', port=443): Max retries exceeded with url: /raphanus-specimen-phenology/phenologyscoringeve-11-yolov8x-seg-t1?api_key=41VMwhwiEiKscncsEEHj&disable_active_learning=False (Caused by SSLError(SSLError(1, '[SSL: SSLV3_ALERT_BAD_RECORD_MAC] sslv3 alert bad record mac (_ssl.c:2633)')))"
3344427794.jpg,"HTTPSConnectionPool(host='serverless.roboflow.com', port=443): Max retries exceeded with url: /raphanus-specimen-phenology/phenologyscoringeve-11-yolov8x-seg-t1?api_key=41VMwhwiEiKscncsEEHj&disable_active_learning=False (Caused by SSLError(SSLError(1, '[SSL: SSLV3_ALERT_BAD_RECORD_MAC] sslv3 alert bad record mac (_ssl.c:2633)')))"
3344438249.jpg,"HTTPSConnectionPool(host='serverless.roboflow.com', port=443): Max retries exceeded with url: /raphanus-specimen-phenology/phenologyscoringeve-11-yolov8x-seg-t1?api_key=41VMwhwiEiKscncsEEHj&disable_active_learning=False (Caused by SSLError(SSLError(1, '[SSL: SSLV3_ALERT_BAD_RECORD_MAC] sslv3 alert bad record mac (_ssl.c:2633)')))"
3357380444.jpg,"HTTPSConnectionPool(host='serverless.roboflow.com', port=443): Max retries exceeded with url: /raphanus-specimen-phenology/phenologyscoringeve-11-yolov8x-seg-t1?api_key=41VMwhwiEiKscncsEEHj&disable_active_learning=False (Caused by SSLError(SSLError(1, '[SSL: SSLV3_ALERT_BAD_RECORD_MAC] sslv3 alert bad record mac (_ssl.c:2633)')))"
3357380510.jpg,"HTTPSConnectionPool(host='serverless.roboflow.com', port=443): Max retries exceeded with url: /raphanus-specimen-phenology/phenologyscoringeve-11-yolov8x-seg-t1?api_key=41VMwhwiEiKscncsEEHj&disable_active_learning=False (Caused by SSLError(SSLError(1, '[SSL: SSLV3_ALERT_BAD_RECORD_MAC] sslv3 alert bad record mac (_ssl.c:2633)')))"
3709852018.jpg,"HTTPSConnectionPool(host='serverless.roboflow.com', port=443): Max retries exceeded with url: /raphanus-specimen-phenology/phenologyscoringeve-11-yolov8x-seg-t1?api_key=41VMwhwiEiKscncsEEHj&disable_active_learning=False (Caused by SSLError(SSLError(1, '[SSL: SSLV3_ALERT_BAD_RECORD_MAC] sslv3 alert bad record mac (_ssl.c:2633)')))"
3709852246.jpg,"HTTPSConnectionPool(host='serverless.roboflow.com', port=443): Max retries exceeded with url: /raphanus-specimen-phenology/phenologyscoringeve-11-yolov8x-seg-t1?api_key=41VMwhwiEiKscncsEEHj&disable_active_learning=False (Caused by SSLError(SSLError(1, '[SSL: SSLV3_ALERT_BAD_RECORD_MAC] sslv3 alert bad record mac (_ssl.c:2633)')))"
3744713788.jpg,"HTTPSConnectionPool(host='serverless.roboflow.com', port=443): Max retries exceeded with url: /raphanus-specimen-phenology/phenologyscoringeve-11-yolov8x-seg-t1?api_key=41VMwhwiEiKscncsEEHj&disable_active_learning=False (Caused by SSLError(SSLError(1, '[SSL: SSLV3_ALERT_BAD_RECORD_MAC] sslv3 alert bad record mac (_ssl.c:2633)')))"
3744713792.jpg,"HTTPSConnectionPool(host='serverless.roboflow.com', port=443): Max retries exceeded with url: /raphanus-specimen-phenology/phenologyscoringeve-11-yolov8x-seg-t1?api_key=41VMwhwiEiKscncsEEHj&disable_active_learning=False (Caused by SSLError(SSLError(1, '[SSL: SSLV3_ALERT_BAD_RECORD_MAC] sslv3 alert bad record mac (_ssl.c:2633)')))"
3744713798.jpg,"HTTPSConnectionPool(host='serverless.roboflow.com', port=443): Max retries exceeded with url: /raphanus-specimen-phenology/phenologyscoringeve-11-yolov8x-seg-t1?api_key=41VMwhwiEiKscncsEEHj&disable_active_learning=False (Caused by SSLError(SSLError(1, '[SSL: SSLV3_ALERT_BAD_RECORD_MAC] sslv3 alert bad record mac (_ssl.c:2633)')))"
3744713800.jpg,"HTTPSConnectionPool(host='serverless.roboflow.com', port=443): Max retries exceeded with url: /raphanus-specimen-phenology/phenologyscoringeve-11-yolov8x-seg-t1?api_key=41VMwhwiEiKscncsEEHj&disable_active_learning=False (Caused by SSLError(SSLError(1, '[SSL: SSLV3_ALERT_BAD_RECORD_MAC] sslv3 alert bad record mac (_ssl.c:2633)')))"
3744713803.jpg,"HTTPSConnectionPool(host='serverless.roboflow.com', port=443): Max retries exceeded with url: /raphanus-specimen-phenology/phenologyscoringeve-11-yolov8x-seg-t1?api_key=41VMwhwiEiKscncsEEHj&disable_active_learning=False (Caused by SSLError(SSLError(1, '[SSL: SSLV3_ALERT_BAD_RECORD_MAC] sslv3 alert bad record mac (_ssl.c:2633)')))"
3744713805.jpg,"HTTPSConnectionPool(host='serverless.roboflow.com', port=443): Max retries exceeded with url: /raphanus-specimen-phenology/phenologyscoringeve-11-yolov8x-seg-t1?api_key=41VMwhwiEiKscncsEEHj&disable_active_learning=False (Caused by SSLError(SSLError(1, '[SSL: SSLV3_ALERT_BAD_RECORD_MAC] sslv3 alert bad record mac (_ssl.c:2633)')))"
3820607955.jpg,"HTTPSConnectionPool(host='serverless.roboflow.com', port=443): Max retries exceeded with url: /raphanus-specimen-phenology/phenologyscoringeve-11-yolov8x-seg-t1?api_key=41VMwhwiEiKscncsEEHj&disable_active_learning=False (Caused by SSLError(SSLError(1, '[SSL: SSLV3_ALERT_BAD_RECORD_MAC] sslv3 alert bad record mac (_ssl.c:2633)')))"
3820738012.jpg,"HTTPSConnectionPool(host='serverless.roboflow.com', port=443): Max retries exceeded with url: /raphanus-specimen-phenology/phenologyscoringeve-11-yolov8x-seg-t1?api_key=41VMwhwiEiKscncsEEHj&disable_active_learning=False (Caused by SSLError(SSLError(1, '[SSL: SSLV3_ALERT_BAD_RECORD_MAC] sslv3 alert bad record mac (_ssl.c:2633)')))"
3820739865.jpg,"HTTPSConnectionPool(host='serverless.roboflow.com', port=443): Max retries exceeded with url: /raphanus-specimen-phenology/phenologyscoringeve-11-yolov8x-seg-t1?api_key=41VMwhwiEiKscncsEEHj&disable_active_learning=False (Caused by SSLError(SSLError(1, '[SSL: SSLV3_ALERT_BAD_RECORD_MAC] sslv3 alert bad record mac (_ssl.c:2633)')))"
3829914350.jpg,"HTTPSConnectionPool(host='serverless.roboflow.com', port=443): Max retries exceeded with url: /raphanus-specimen-phenology/phenologyscoringeve-11-yolov8x-seg-t1?api_key=41VMwhwiEiKscncsEEHj&disable_active_learning=False (Caused by SSLError(SSLError(1, '[SSL: SSLV3_ALERT_BAD_RECORD_MAC] sslv3 alert bad record mac (_ssl.c:2633)')))"
3865093279.jpg,"HTTPSConnectionPool(host='serverless.roboflow.com', port=443): Max retries exceeded with url: /raphanus-specimen-phenology/phenologyscoringeve-11-yolov8x-seg-t1?api_key=41VMwhwiEiKscncsEEHj&disable_active_learning=False (Caused by SSLError(SSLError(1, '[SSL: SSLV3_ALERT_BAD_RECORD_MAC] sslv3 alert bad record mac (_ssl.c:2633)')))"
3865104317.jpg,"HTTPSConnectionPool(host='serverless.roboflow.com', port=443): Max retries exceeded with url: /raphanus-specimen-phenology/phenologyscoringeve-11-yolov8x-seg-t1?api_key=41VMwhwiEiKscncsEEHj&disable_active_learning=False (Caused by SSLError(SSLError(1, '[SSL: SSLV3_ALERT_BAD_RECORD_MAC] sslv3 alert bad record mac (_ssl.c:2633)')))"
3865363251.jpg,"HTTPSConnectionPool(host='serverless.roboflow.com', port=443): Max retries exceeded with url: /raphanus-specimen-phenology/phenologyscoringeve-11-yolov8x-seg-t1?api_key=41VMwhwiEiKscncsEEHj&disable_active_learning=False (Caused by SSLError(SSLError(1, '[SSL: SSLV3_ALERT_BAD_RECORD_MAC] sslv3 alert bad record mac (_ssl.c:2633)')))"
3865374373.jpg,"HTTPSConnectionPool(host='serverless.roboflow.com', port=443): Max retries exceeded with url: /raphanus-specimen-phenology/phenologyscoringeve-11-yolov8x-seg-t1?api_key=41VMwhwiEiKscncsEEHj&disable_active_learning=False (Caused by SSLError(SSLError(1, '[SSL: SSLV3_ALERT_BAD_RECORD_MAC] sslv3 alert bad record mac (_ssl.c:2633)')))"
3865375348.jpg,"HTTPSConnectionPool(host='serverless.roboflow.com', port=443): Max retries exceeded with url: /raphanus-specimen-phenology/phenologyscoringeve-11-yolov8x-seg-t1?api_key=41VMwhwiEiKscncsEEHj&disable_active_learning=False (Caused by SSLError(SSLError(1, '[SSL: SSLV3_ALERT_BAD_RECORD_MAC] sslv3 alert bad record mac (_ssl.c:2633)')))"
3865375349.jpg,"HTTPSConnectionPool(host='serverless.roboflow.com', port=443): Max retries exceeded with url: /raphanus-specimen-phenology/phenologyscoringeve-11-yolov8x-seg-t1?api_key=41VMwhwiEiKscncsEEHj&disable_active_learning=False (Caused by SSLError(SSLError(1, '[SSL: SSLV3_ALERT_BAD_RECORD_MAC] sslv3 alert bad record mac (_ssl.c:2633)')))"
3865375350.jpg,"HTTPSConnectionPool(host='serverless.roboflow.com', port=443): Max retries exceeded with url: /raphanus-specimen-phenology/phenologyscoringeve-11-yolov8x-seg-t1?api_key=41VMwhwiEiKscncsEEHj&disable_active_learning=False (Caused by SSLError(SSLError(1, '[SSL: SSLV3_ALERT_BAD_RECORD_MAC] sslv3 alert bad record mac (_ssl.c:2633)')))"
3865376392.jpg,"HTTPSConnectionPool(host='serverless.roboflow.com', port=443): Max retries exceeded with url: /raphanus-specimen-phenology/phenologyscoringeve-11-yolov8x-seg-t1?api_key=41VMwhwiEiKscncsEEHj&disable_active_learning=False (Caused by SSLError(SSLError(1, '[SSL: SSLV3_ALERT_BAD_RECORD_MAC] sslv3 alert bad record mac (_ssl.c:2633)')))"
3865377301.jpg,"HTTPSConnectionPool(host='serverless.roboflow.com', port=443): Max retries exceeded with url: /raphanus-specimen-phenology/phenologyscoringeve-11-yolov8x-seg-t1?api_key=41VMwhwiEiKscncsEEHj&disable_active_learning=False (Caused by SSLError(SSLError(1, '[SSL: SSLV3_ALERT_BAD_RECORD_MAC] sslv3 alert bad record mac (_ssl.c:2633)')))"
3865377307.jpg,"HTTPSConnectionPool(host='serverless.roboflow.com', port=443): Max retries exceeded with url: /raphanus-specimen-phenology/phenologyscoringeve-11-yolov8x-seg-t1?api_key=41VMwhwiEiKscncsEEHj&disable_active_learning=False (Caused by SSLError(SSLError(1, '[SSL: SSLV3_ALERT_BAD_RECORD_MAC] sslv3 alert bad record mac (_ssl.c:2633)')))"
3865378419.jpg,"HTTPSConnectionPool(host='serverless.roboflow.com', port=443): Max retries exceeded with url: /raphanus-specimen-phenology/phenologyscoringeve-11-yolov8x-seg-t1?api_key=41VMwhwiEiKscncsEEHj&disable_active_learning=False (Caused by SSLError(SSLError(1, '[SSL: SSLV3_ALERT_BAD_RECORD_MAC] sslv3 alert bad record mac (_ssl.c:2633)')))"
3865379347.jpg,"HTTPSConnectionPool(host='serverless.roboflow.com', port=443): Max retries exceeded with url: /raphanus-specimen-phenology/phenologyscoringeve-11-yolov8x-seg-t1?api_key=41VMwhwiEiKscncsEEHj&disable_active_learning=False (Caused by SSLError(SSLError(1, '[SSL: SSLV3_ALERT_BAD_RECORD_MAC] sslv3 alert bad record mac (_ssl.c:2633)')))"
3897880737.jpg,"HTTPSConnectionPool(host='serverless.roboflow.com', port=443): Max retries exceeded with url: /raphanus-specimen-phenology/phenologyscoringeve-11-yolov8x-seg-t1?api_key=41VMwhwiEiKscncsEEHj&disable_active_learning=False (Caused by SSLError(SSLError(1, '[SSL: SSLV3_ALERT_BAD_RECORD_MAC] sslv3 alert bad record mac (_ssl.c:2633)')))"
3897882332.jpg,"HTTPSConnectionPool(host='serverless.roboflow.com', port=443): Max retries exceeded with url: /raphanus-specimen-phenology/phenologyscoringeve-11-yolov8x-seg-t1?api_key=41VMwhwiEiKscncsEEHj&disable_active_learning=False (Caused by SSLError(SSLError(1, '[SSL: SSLV3_ALERT_BAD_RECORD_MAC] sslv3 alert bad record mac (_ssl.c:2633)')))"
3925803519.jpg,"HTTPSConnectionPool(host='serverless.roboflow.com', port=443): Max retries exceeded with url: /raphanus-specimen-phenology/phenologyscoringeve-11-yolov8x-seg-t1?api_key=41VMwhwiEiKscncsEEHj&disable_active_learning=False (Caused by SSLError(SSLError(1, '[SSL: SSLV3_ALERT_BAD_RECORD_MAC] sslv3 alert bad record mac (_ssl.c:2633)')))"
3978732636.jpg,"HTTPSConnectionPool(host='serverless.roboflow.com', port=443): Max retries exceeded with url: /raphanus-specimen-phenology/phenologyscoringeve-11-yolov8x-seg-t1?api_key=41VMwhwiEiKscncsEEHj&disable_active_learning=False (Caused by SSLError(SSLError(1, '[SSL: SSLV3_ALERT_BAD_RECORD_MAC] sslv3 alert bad record mac (_ssl.c:2633)')))"
4010715017.jpg,"HTTPSConnectionPool(host='serverless.roboflow.com', port=443): Max retries exceeded with url: /raphanus-specimen-phenology/phenologyscoringeve-11-yolov8x-seg-t1?api_key=41VMwhwiEiKscncsEEHj&disable_active_learning=False (Caused by SSLError(SSLError(1, '[SSL: SSLV3_ALERT_BAD_RECORD_MAC] sslv3 alert bad record mac (_ssl.c:2633)')))"
4067794455.jpg,"HTTPSConnectionPool(host='serverless.roboflow.com', port=443): Max retries exceeded with url: /raphanus-specimen-phenology/phenologyscoringeve-11-yolov8x-seg-t1?api_key=41VMwhwiEiKscncsEEHj&disable_active_learning=False (Caused by SSLError(SSLError(1, '[SSL: SSLV3_ALERT_BAD_RECORD_MAC] sslv3 alert bad record mac (_ssl.c:2633)')))"
4075454233.jpg,"HTTPSConnectionPool(host='serverless.roboflow.com', port=443): Max retries exceeded with url: /raphanus-specimen-phenology/phenologyscoringeve-11-yolov8x-seg-t1?api_key=41VMwhwiEiKscncsEEHj&disable_active_learning=False (Caused by SSLError(SSLError(1, '[SSL: SSLV3_ALERT_BAD_RECORD_MAC] sslv3 alert bad record mac (_ssl.c:2633)')))"
4075454248.jpg,"HTTPSConnectionPool(host='serverless.roboflow.com', port=443): Max retries exceeded with url: /raphanus-specimen-phenology/phenologyscoringeve-11-yolov8x-seg-t1?api_key=41VMwhwiEiKscncsEEHj&disable_active_learning=False (Caused by SSLError(SSLError(1, '[SSL: SSLV3_ALERT_BAD_RECORD_MAC] sslv3 alert bad record mac (_ssl.c:2633)')))"
4601577309.jpg,"HTTPSConnectionPool(host='serverless.roboflow.com', port=443): Max retries exceeded with url: /raphanus-specimen-phenology/phenologyscoringeve-11-yolov8x-seg-t1?api_key=41VMwhwiEiKscncsEEHj&disable_active_learning=False (Caused by SSLError(SSLError(1, '[SSL: SSLV3_ALERT_BAD_RECORD_MAC] sslv3 alert bad record mac (_ssl.c:2633)')))"
4912144300.jpg,"HTTPSConnectionPool(host='serverless.roboflow.com', port=443): Max retries exceeded with url: /raphanus-specimen-phenology/phenologyscoringeve-11-yolov8x-seg-t1?api_key=41VMwhwiEiKscncsEEHj&disable_active_learning=False (Caused by SSLError(SSLError(1, '[SSL: SSLV3_ALERT_BAD_RECORD_MAC] sslv3 alert bad record mac (_ssl.c:2633)')))"
4912151097.jpg,"HTTPSConnectionPool(host='serverless.roboflow.com', port=443): Max retries exceeded with url: /raphanus-specimen-phenology/phenologyscoringeve-11-yolov8x-seg-t1?api_key=41VMwhwiEiKscncsEEHj&disable_active_learning=False (Caused by SSLError(SSLError(1, '[SSL: SSLV3_ALERT_BAD_RECORD_MAC] sslv3 alert bad record mac (_ssl.c:2633)')))"
4912151099.jpg,"HTTPSConnectionPool(host='serverless.roboflow.com', port=443): Max retries exceeded with url: /raphanus-specimen-phenology/phenologyscoringeve-11-yolov8x-seg-t1?api_key=41VMwhwiEiKscncsEEHj&disable_active_learning=False (Caused by SSLError(SSLError(1, '[SSL: SSLV3_ALERT_BAD_RECORD_MAC] sslv3 alert bad record mac (_ssl.c:2633)')))"
4912151102.jpg,"HTTPSConnectionPool(host='serverless.roboflow.com', port=443): Max retries exceeded with url: /raphanus-specimen-phenology/phenologyscoringeve-11-yolov8x-seg-t1?api_key=41VMwhwiEiKscncsEEHj&disable_active_learning=False (Caused by SSLError(SSLError(1, '[SSL: SSLV3_ALERT_BAD_RECORD_MAC] sslv3 alert bad record mac (_ssl.c:2633)')))"
4912153304.jpg,"HTTPSConnectionPool(host='serverless.roboflow.com', port=443): Max retries exceeded with url: /raphanus-specimen-phenology/phenologyscoringeve-11-yolov8x-seg-t1?api_key=41VMwhwiEiKscncsEEHj&disable_active_learning=False (Caused by SSLError(SSLError(1, '[SSL: SSLV3_ALERT_BAD_RECORD_MAC] sslv3 alert bad record mac (_ssl.c:2633)')))"
4912153305.jpg,"HTTPSConnectionPool(host='serverless.roboflow.com', port=443): Max retries exceeded with url: /raphanus-specimen-phenology/phenologyscoringeve-11-yolov8x-seg-t1?api_key=41VMwhwiEiKscncsEEHj&disable_active_learning=False (Caused by SSLError(SSLError(1, '[SSL: SSLV3_ALERT_BAD_RECORD_MAC] sslv3 alert bad record mac (_ssl.c:2633)')))"
4912304550.jpg,"HTTPSConnectionPool(host='serverless.roboflow.com', port=443): Max retries exceeded with url: /raphanus-specimen-phenology/phenologyscoringeve-11-yolov8x-seg-t1?api_key=41VMwhwiEiKscncsEEHj&disable_active_learning=False (Caused by SSLError(SSLError(1, '[SSL: SSLV3_ALERT_BAD_RECORD_MAC] sslv3 alert bad record mac (_ssl.c:2633)')))"
4929697638.jpg,"HTTPSConnectionPool(host='serverless.roboflow.com', port=443): Max retries exceeded with url: /raphanus-specimen-phenology/phenologyscoringeve-11-yolov8x-seg-t1?api_key=41VMwhwiEiKscncsEEHj&disable_active_learning=False (Caused by SSLError(SSLError(1, '[SSL: SSLV3_ALERT_BAD_RECORD_MAC] sslv3 alert bad record mac (_ssl.c:2633)')))"
4976699544.jpg,"HTTPSConnectionPool(host='serverless.roboflow.com', port=443): Max retries exceeded with url: /raphanus-specimen-phenology/phenologyscoringeve-11-yolov8x-seg-t1?api_key=41VMwhwiEiKscncsEEHj&disable_active_learning=False (Caused by SSLError(SSLError(1, '[SSL: SSLV3_ALERT_BAD_RECORD_MAC] sslv3 alert bad record mac (_ssl.c:2633)')))"
5067923812.jpg,"HTTPSConnectionPool(host='serverless.roboflow.com', port=443): Max retries exceeded with url: /raphanus-specimen-phenology/phenologyscoringeve-11-yolov8x-seg-t1?api_key=41VMwhwiEiKscncsEEHj&disable_active_learning=False (Caused by SSLError(SSLError(1, '[SSL: SSLV3_ALERT_BAD_RECORD_MAC] sslv3 alert bad record mac (_ssl.c:2633)')))"
5067923813.jpg,"HTTPSConnectionPool(host='serverless.roboflow.com', port=443): Max retries exceeded with url: /raphanus-specimen-phenology/phenologyscoringeve-11-yolov8x-seg-t1?api_key=41VMwhwiEiKscncsEEHj&disable_active_learning=False (Caused by SSLError(SSLError(1, '[SSL: SSLV3_ALERT_BAD_RECORD_MAC] sslv3 alert bad record mac (_ssl.c:2633)')))"
5067924813.jpg,"HTTPSConnectionPool(host='serverless.roboflow.com', port=443): Max retries exceeded with url: /raphanus-specimen-phenology/phenologyscoringeve-11-yolov8x-seg-t1?api_key=41VMwhwiEiKscncsEEHj&disable_active_learning=False (Caused by SSLError(SSLError(1, '[SSL: SSLV3_ALERT_BAD_RECORD_MAC] sslv3 alert bad record mac (_ssl.c:2633)')))"
5074461246.jpg,"HTTPSConnectionPool(host='serverless.roboflow.com', port=443): Max retries exceeded with url: /raphanus-specimen-phenology/phenologyscoringeve-11-yolov8x-seg-t1?api_key=41VMwhwiEiKscncsEEHj&disable_active_learning=False (Caused by SSLError(SSLError(1, '[SSL: SSLV3_ALERT_BAD_RECORD_MAC] sslv3 alert bad record mac (_ssl.c:2633)')))"
5074461249.jpg,"HTTPSConnectionPool(host='serverless.roboflow.com', port=443): Max retries exceeded with url: /raphanus-specimen-phenology/phenologyscoringeve-11-yolov8x-seg-t1?api_key=41VMwhwiEiKscncsEEHj&disable_active_learning=False (Caused by SSLError(SSLError(1, '[SSL: SSLV3_ALERT_BAD_RECORD_MAC] sslv3 alert bad record mac (_ssl.c:2633)')))"
5103824047.jpg,"HTTPSConnectionPool(host='serverless.roboflow.com', port=443): Max retries exceeded with url: /raphanus-specimen-phenology/phenologyscoringeve-11-yolov8x-seg-t1?api_key=41VMwhwiEiKscncsEEHj&disable_active_learning=False (Caused by SSLError(SSLError(1, '[SSL: SSLV3_ALERT_BAD_RECORD_MAC] sslv3 alert bad record mac (_ssl.c:2633)')))"
5103880296.jpg,"HTTPSConnectionPool(host='serverless.roboflow.com', port=443): Max retries exceeded with url: /raphanus-specimen-phenology/phenologyscoringeve-11-yolov8x-seg-t1?api_key=41VMwhwiEiKscncsEEHj&disable_active_learning=False (Caused by SSLError(SSLError(1, '[SSL: SSLV3_ALERT_BAD_RECORD_MAC] sslv3 alert bad record mac (_ssl.c:2633)')))"
5103889427.jpg,"HTTPSConnectionPool(host='serverless.roboflow.com', port=443): Max retries exceeded with url: /raphanus-specimen-phenology/phenologyscoringeve-11-yolov8x-seg-t1?api_key=41VMwhwiEiKscncsEEHj&disable_active_learning=False (Caused by SSLError(SSLError(1, '[SSL: SSLV3_ALERT_BAD_RECORD_MAC] sslv3 alert bad record mac (_ssl.c:2633)')))"
5103891216.jpg,"HTTPSConnectionPool(host='serverless.roboflow.com', port=443): Max retries exceeded with url: /raphanus-specimen-phenology/phenologyscoringeve-11-yolov8x-seg-t1?api_key=41VMwhwiEiKscncsEEHj&disable_active_learning=False (Caused by SSLError(SSLError(1, '[SSL: SSLV3_ALERT_BAD_RECORD_MAC] sslv3 alert bad record mac (_ssl.c:2633)')))"
5139350332.jpg,"HTTPSConnectionPool(host='serverless.roboflow.com', port=443): Max retries exceeded with url: /raphanus-specimen-phenology/phenologyscoringeve-11-yolov8x-seg-t1?api_key=41VMwhwiEiKscncsEEHj&disable_active_learning=False (Caused by SSLError(SSLError(1, '[SSL: SSLV3_ALERT_BAD_RECORD_MAC] sslv3 alert bad record mac (_ssl.c:2633)')))"
5159117472.jpg,"HTTPSConnectionPool(host='serverless.roboflow.com', port=443): Max retries exceeded with url: /raphanus-specimen-phenology/phenologyscoringeve-11-yolov8x-seg-t1?api_key=41VMwhwiEiKscncsEEHj&disable_active_learning=False (Caused by SSLError(SSLError(1, '[SSL: SSLV3_ALERT_BAD_RECORD_MAC] sslv3 alert bad record mac (_ssl.c:2633)')))"
6177039105.jpg,"HTTPSConnectionPool(host='serverless.roboflow.com', port=443): Max retries exceeded with url: /raphanus-specimen-phenology/phenologyscoringeve-11-yolov8x-seg-t1?api_key=41VMwhwiEiKscncsEEHj&disable_active_learning=False (Caused by SSLError(SSLError(1, '[SSL: SSLV3_ALERT_BAD_RECORD_MAC] sslv3 alert bad record mac (_ssl.c:2633)')))"
6177039243.jpg,"HTTPSConnectionPool(host='serverless.roboflow.com', port=443): Max retries exceeded with url: /raphanus-specimen-phenology/phenologyscoringeve-11-yolov8x-seg-t1?api_key=41VMwhwiEiKscncsEEHj&disable_active_learning=False (Caused by SSLError(SSLError(1, '[SSL: SSLV3_ALERT_BAD_RECORD_MAC] sslv3 alert bad record mac (_ssl.c:2633)')))"
SML_5198185854.jpg,"HTTPSConnectionPool(host='serverless.roboflow.com', port=443): Max retries exceeded with url: /raphanus-specimen-phenology/phenologyscoringeve-11-yolov8x-seg-t1?api_key=41VMwhwiEiKscncsEEHj&disable_active_learning=False (Caused by SSLError(SSLError(1, '[SSL: SSLV3_ALERT_BAD_RECORD_MAC] sslv3 alert bad record mac (_ssl.c:2633)')))"
SML_5198215850.jpg,"HTTPSConnectionPool(host='serverless.roboflow.com', port=443): Max retries exceeded with url: /raphanus-specimen-phenology/phenologyscoringeve-11-yolov8x-seg-t1?api_key=41VMwhwiEiKscncsEEHj&disable_active_learning=False (Caused by SSLError(SSLError(1, '[SSL: SSLV3_ALERT_BAD_RECORD_MAC] sslv3 alert bad record mac (_ssl.c:2633)')))"
2422482443.jpg,image file is truncated (1 bytes not processed)
3357380510.jpg,"HTTPSConnectionPool(host='serverless.roboflow.com', port=443): Max retries exceeded with url: /raphanus-specimen-phenology/phenologyscoringeve-11-yolov8x-seg-t1?api_key=41VMwhwiEiKscncsEEHj&disable_active_learning=False (Caused by SSLError(SSLError(1, '[SSL: SSLV3_ALERT_BAD_RECORD_MAC] sslv3 alert bad record mac (_ssl.c:2633)')))"
3865104317.jpg,"HTTPSConnectionPool(host='serverless.roboflow.com', port=443): Max retries exceeded with url: /raphanus-specimen-phenology/phenologyscoringeve-11-yolov8x-seg-t1?api_key=41VMwhwiEiKscncsEEHj&disable_active_learning=False (Caused by SSLError(SSLError(1, '[SSL: SSLV3_ALERT_BAD_RECORD_MAC] sslv3 alert bad record mac (_ssl.c:2633)')))"
3865378419.jpg,"HTTPSConnectionPool(host='serverless.roboflow.com', port=443): Max retries exceeded with url: /raphanus-specimen-phenology/phenologyscoringeve-11-yolov8x-seg-t1?api_key=41VMwhwiEiKscncsEEHj&disable_active_learning=False (Caused by SSLError(SSLError(1, '[SSL: SSLV3_ALERT_BAD_RECORD_MAC] sslv3 alert bad record mac (_ssl.c:2633)')))"
2422482443.jpg,image file is truncated (1 bytes not processed)
