url,occid,has_image
https://cch2.org/portal/collections/individual/index.php?occid=1005302,1005302,Image present
https://cch2.org/portal/collections/individual/index.php?occid=1007750,1007750,Image present
https://cch2.org/portal/collections/individual/index.php?occid=1012091,1012091,Image present
https://cch2.org/portal/collections/individual/index.php?occid=1019723,1019723,Image present
https://cch2.org/portal/collections/individual/index.php?occid=1024091,1024091,Image present
https://cch2.org/portal/collections/individual/index.php?occid=1038859,1038859,Image present
https://cch2.org/portal/collections/individual/index.php?occid=1045059,1045059,Image present
https://cch2.org/portal/collections/individual/index.php?occid=1045591,1045591,Image present
https://cch2.org/portal/collections/individual/index.php?occid=1045951,1045951,Image present
https://cch2.org/portal/collections/individual/index.php?occid=1047487,1047487,Image present
https://cch2.org/portal/collections/individual/index.php?occid=1049270,1049270,Image present
https://cch2.org/portal/collections/individual/index.php?occid=1049760,1049760,Image present
https://cch2.org/portal/collections/individual/index.php?occid=1056531,1056531,Image present
https://cch2.org/portal/collections/individual/index.php?occid=1062233,1062233,Image present
https://cch2.org/portal/collections/individual/index.php?occid=106233,106233,No image
https://cch2.org/portal/collections/individual/index.php?occid=1064654,1064654,Image present
https://cch2.org/portal/collections/individual/index.php?occid=106537,106537,No image
https://cch2.org/portal/collections/individual/index.php?occid=1068117,1068117,Image present
https://cch2.org/portal/collections/individual/index.php?occid=107786,107786,No image
https://cch2.org/portal/collections/individual/index.php?occid=1078648,1078648,Image present
https://cch2.org/portal/collections/individual/index.php?occid=1079969,1079969,Image present
https://cch2.org/portal/collections/individual/index.php?occid=1091776,1091776,Image present
https://cch2.org/portal/collections/individual/index.php?occid=1092827,1092827,Image present
https://cch2.org/portal/collections/individual/index.php?occid=1092848,1092848,Image present
https://cch2.org/portal/collections/individual/index.php?occid=110889,110889,No image
https://cch2.org/portal/collections/individual/index.php?occid=1109834,1109834,Image present
https://cch2.org/portal/collections/individual/index.php?occid=1109866,1109866,Image present
https://cch2.org/portal/collections/individual/index.php?occid=1113607,1113607,Image present
https://cch2.org/portal/collections/individual/index.php?occid=1114974,1114974,Image present
https://cch2.org/portal/collections/individual/index.php?occid=1116413,1116413,Image present
https://cch2.org/portal/collections/individual/index.php?occid=1123184,1123184,Image present
https://cch2.org/portal/collections/individual/index.php?occid=1123870,1123870,Image present
https://cch2.org/portal/collections/individual/index.php?occid=1133685,1133685,Image present
https://cch2.org/portal/collections/individual/index.php?occid=1135332,1135332,Image present
https://cch2.org/portal/collections/individual/index.php?occid=1135498,1135498,Image present
https://cch2.org/portal/collections/individual/index.php?occid=1136130,1136130,Image present
https://cch2.org/portal/collections/individual/index.php?occid=1142685,1142685,Image present
https://cch2.org/portal/collections/individual/index.php?occid=1145586,1145586,Image present
https://cch2.org/portal/collections/individual/index.php?occid=1146969,1146969,Image present
https://cch2.org/portal/collections/individual/index.php?occid=1147528,1147528,Image present
https://cch2.org/portal/collections/individual/index.php?occid=1153085,1153085,Image present
https://cch2.org/portal/collections/individual/index.php?occid=1156433,1156433,Image present
https://cch2.org/portal/collections/individual/index.php?occid=116271,116271,No image
https://cch2.org/portal/collections/individual/index.php?occid=1166795,1166795,Image present
https://cch2.org/portal/collections/individual/index.php?occid=1177657,1177657,Image present
https://cch2.org/portal/collections/individual/index.php?occid=1184063,1184063,Image present
https://cch2.org/portal/collections/individual/index.php?occid=1192564,1192564,Image present
https://cch2.org/portal/collections/individual/index.php?occid=1193190,1193190,Image present
https://cch2.org/portal/collections/individual/index.php?occid=1194214,1194214,Image present
https://cch2.org/portal/collections/individual/index.php?occid=1201106,1201106,Image present
https://cch2.org/portal/collections/individual/index.php?occid=1201734,1201734,Image present
https://cch2.org/portal/collections/individual/index.php?occid=1202206,1202206,Image present
https://cch2.org/portal/collections/individual/index.php?occid=1208522,1208522,Image present
https://cch2.org/portal/collections/individual/index.php?occid=1211305,1211305,Image present
https://cch2.org/portal/collections/individual/index.php?occid=1213435,1213435,Image present
https://cch2.org/portal/collections/individual/index.php?occid=1219161,1219161,Image present
https://cch2.org/portal/collections/individual/index.php?occid=1224957,1224957,Image present
https://cch2.org/portal/collections/individual/index.php?occid=1239382,1239382,Image present
https://cch2.org/portal/collections/individual/index.php?occid=124275,124275,No image
https://cch2.org/portal/collections/individual/index.php?occid=1249156,1249156,Image present
https://cch2.org/portal/collections/individual/index.php?occid=128858,128858,No image
https://cch2.org/portal/collections/individual/index.php?occid=130694,130694,No image
https://cch2.org/portal/collections/individual/index.php?occid=132624,132624,No image
https://cch2.org/portal/collections/individual/index.php?occid=141265,141265,No image
https://cch2.org/portal/collections/individual/index.php?occid=147598,147598,No image
https://cch2.org/portal/collections/individual/index.php?occid=150366,150366,No image
https://cch2.org/portal/collections/individual/index.php?occid=1512711,1512711,No image
https://cch2.org/portal/collections/individual/index.php?occid=152436,152436,No image
https://cch2.org/portal/collections/individual/index.php?occid=1569504,1569504,No image
https://cch2.org/portal/collections/individual/index.php?occid=157452,157452,No image
https://cch2.org/portal/collections/individual/index.php?occid=1591568,1591568,No image
https://cch2.org/portal/collections/individual/index.php?occid=1604716,1604716,No image
https://cch2.org/portal/collections/individual/index.php?occid=1656222,1656222,No image
https://cch2.org/portal/collections/individual/index.php?occid=1668895,1668895,No image
https://cch2.org/portal/collections/individual/index.php?occid=18974,18974,No image
https://cch2.org/portal/collections/individual/index.php?occid=1937814,1937814,No image
https://cch2.org/portal/collections/individual/index.php?occid=2035482,2035482,Image present
https://cch2.org/portal/collections/individual/index.php?occid=2035506,2035506,Image present
https://cch2.org/portal/collections/individual/index.php?occid=2066058,2066058,Image present
https://cch2.org/portal/collections/individual/index.php?occid=2207182,2207182,No image
https://cch2.org/portal/collections/individual/index.php?occid=2207186,2207186,No image
https://cch2.org/portal/collections/individual/index.php?occid=2207207,2207207,No image
https://cch2.org/portal/collections/individual/index.php?occid=2207216,2207216,No image
https://cch2.org/portal/collections/individual/index.php?occid=2207224,2207224,No image
https://cch2.org/portal/collections/individual/index.php?occid=2207251,2207251,No image
https://cch2.org/portal/collections/individual/index.php?occid=2207273,2207273,No image
https://cch2.org/portal/collections/individual/index.php?occid=2207282,2207282,No image
https://cch2.org/portal/collections/individual/index.php?occid=2207288,2207288,No image
https://cch2.org/portal/collections/individual/index.php?occid=2207308,2207308,No image
https://cch2.org/portal/collections/individual/index.php?occid=2207312,2207312,No image
https://cch2.org/portal/collections/individual/index.php?occid=2207336,2207336,No image
https://cch2.org/portal/collections/individual/index.php?occid=2207339,2207339,No image
https://cch2.org/portal/collections/individual/index.php?occid=2207374,2207374,No image
https://cch2.org/portal/collections/individual/index.php?occid=2207383,2207383,No image
https://cch2.org/portal/collections/individual/index.php?occid=2207423,2207423,No image
https://cch2.org/portal/collections/individual/index.php?occid=2207434,2207434,No image
https://cch2.org/portal/collections/individual/index.php?occid=2207437,2207437,No image
https://cch2.org/portal/collections/individual/index.php?occid=2262520,2262520,Image present
https://cch2.org/portal/collections/individual/index.php?occid=239858,239858,No image
https://cch2.org/portal/collections/individual/index.php?occid=239881,239881,No image
https://cch2.org/portal/collections/individual/index.php?occid=239908,239908,No image
https://cch2.org/portal/collections/individual/index.php?occid=239971,239971,No image
https://cch2.org/portal/collections/individual/index.php?occid=239984,239984,No image
https://cch2.org/portal/collections/individual/index.php?occid=240008,240008,No image
https://cch2.org/portal/collections/individual/index.php?occid=240030,240030,No image
https://cch2.org/portal/collections/individual/index.php?occid=240045,240045,No image
https://cch2.org/portal/collections/individual/index.php?occid=240048,240048,No image
https://cch2.org/portal/collections/individual/index.php?occid=240097,240097,No image
https://cch2.org/portal/collections/individual/index.php?occid=240127,240127,No image
https://cch2.org/portal/collections/individual/index.php?occid=240160,240160,No image
https://cch2.org/portal/collections/individual/index.php?occid=240188,240188,No image
https://cch2.org/portal/collections/individual/index.php?occid=240208,240208,No image
https://cch2.org/portal/collections/individual/index.php?occid=240217,240217,No image
https://cch2.org/portal/collections/individual/index.php?occid=240225,240225,No image
https://cch2.org/portal/collections/individual/index.php?occid=240237,240237,No image
https://cch2.org/portal/collections/individual/index.php?occid=240241,240241,No image
https://cch2.org/portal/collections/individual/index.php?occid=240297,240297,No image
https://cch2.org/portal/collections/individual/index.php?occid=240327,240327,No image
https://cch2.org/portal/collections/individual/index.php?occid=240360,240360,No image
https://cch2.org/portal/collections/individual/index.php?occid=240388,240388,No image
https://cch2.org/portal/collections/individual/index.php?occid=240408,240408,No image
https://cch2.org/portal/collections/individual/index.php?occid=240417,240417,No image
https://cch2.org/portal/collections/individual/index.php?occid=240425,240425,No image
https://cch2.org/portal/collections/individual/index.php?occid=240437,240437,No image
https://cch2.org/portal/collections/individual/index.php?occid=240441,240441,No image
https://cch2.org/portal/collections/individual/index.php?occid=3042671,3042671,No image
https://cch2.org/portal/collections/individual/index.php?occid=3043848,3043848,No image
https://cch2.org/portal/collections/individual/index.php?occid=3044356,3044356,No image
https://cch2.org/portal/collections/individual/index.php?occid=3113068,3113068,No image
https://cch2.org/portal/collections/individual/index.php?occid=3113069,3113069,No image
https://cch2.org/portal/collections/individual/index.php?occid=3123760,3123760,No image
https://cch2.org/portal/collections/individual/index.php?occid=33390,33390,No image
https://cch2.org/portal/collections/individual/index.php?occid=3590297,3590297,No image
https://cch2.org/portal/collections/individual/index.php?occid=3611474,3611474,No image
https://cch2.org/portal/collections/individual/index.php?occid=3611826,3611826,No image
https://cch2.org/portal/collections/individual/index.php?occid=3611827,3611827,No image
https://cch2.org/portal/collections/individual/index.php?occid=3611977,3611977,No image
https://cch2.org/portal/collections/individual/index.php?occid=3611979,3611979,No image
https://cch2.org/portal/collections/individual/index.php?occid=3611980,3611980,No image
https://cch2.org/portal/collections/individual/index.php?occid=3611981,3611981,No image
https://cch2.org/portal/collections/individual/index.php?occid=3611982,3611982,No image
https://cch2.org/portal/collections/individual/index.php?occid=3611984,3611984,No image
https://cch2.org/portal/collections/individual/index.php?occid=3611985,3611985,No image
https://cch2.org/portal/collections/individual/index.php?occid=3611986,3611986,No image
https://cch2.org/portal/collections/individual/index.php?occid=3611987,3611987,No image
https://cch2.org/portal/collections/individual/index.php?occid=3611988,3611988,No image
https://cch2.org/portal/collections/individual/index.php?occid=3611990,3611990,No image
https://cch2.org/portal/collections/individual/index.php?occid=3611992,3611992,No image
https://cch2.org/portal/collections/individual/index.php?occid=3611993,3611993,No image
https://cch2.org/portal/collections/individual/index.php?occid=3612015,3612015,No image
https://cch2.org/portal/collections/individual/index.php?occid=3612017,3612017,No image
https://cch2.org/portal/collections/individual/index.php?occid=3612018,3612018,No image
https://cch2.org/portal/collections/individual/index.php?occid=3612020,3612020,No image
https://cch2.org/portal/collections/individual/index.php?occid=3612021,3612021,No image
https://cch2.org/portal/collections/individual/index.php?occid=3612022,3612022,No image
https://cch2.org/portal/collections/individual/index.php?occid=3612024,3612024,No image
https://cch2.org/portal/collections/individual/index.php?occid=3612025,3612025,No image
https://cch2.org/portal/collections/individual/index.php?occid=3612026,3612026,No image
https://cch2.org/portal/collections/individual/index.php?occid=3612027,3612027,No image
https://cch2.org/portal/collections/individual/index.php?occid=3612028,3612028,No image
https://cch2.org/portal/collections/individual/index.php?occid=3612033,3612033,No image
https://cch2.org/portal/collections/individual/index.php?occid=3612035,3612035,No image
https://cch2.org/portal/collections/individual/index.php?occid=3612036,3612036,No image
https://cch2.org/portal/collections/individual/index.php?occid=3612202,3612202,No image
https://cch2.org/portal/collections/individual/index.php?occid=3612238,3612238,No image
https://cch2.org/portal/collections/individual/index.php?occid=3612391,3612391,No image
https://cch2.org/portal/collections/individual/index.php?occid=3612398,3612398,No image
https://cch2.org/portal/collections/individual/index.php?occid=3612415,3612415,No image
https://cch2.org/portal/collections/individual/index.php?occid=3612416,3612416,No image
https://cch2.org/portal/collections/individual/index.php?occid=3612417,3612417,No image
https://cch2.org/portal/collections/individual/index.php?occid=3612756,3612756,No image
https://cch2.org/portal/collections/individual/index.php?occid=3612758,3612758,No image
https://cch2.org/portal/collections/individual/index.php?occid=3615443,3615443,No image
https://cch2.org/portal/collections/individual/index.php?occid=3617268,3617268,No image
https://cch2.org/portal/collections/individual/index.php?occid=3617348,3617348,No image
https://cch2.org/portal/collections/individual/index.php?occid=3618225,3618225,No image
https://cch2.org/portal/collections/individual/index.php?occid=3618669,3618669,No image
https://cch2.org/portal/collections/individual/index.php?occid=3618936,3618936,No image
https://cch2.org/portal/collections/individual/index.php?occid=3620050,3620050,No image
https://cch2.org/portal/collections/individual/index.php?occid=3621576,3621576,No image
https://cch2.org/portal/collections/individual/index.php?occid=3656309,3656309,No image
https://cch2.org/portal/collections/individual/index.php?occid=36646,36646,No image
https://cch2.org/portal/collections/individual/index.php?occid=3700295,3700295,No image
https://cch2.org/portal/collections/individual/index.php?occid=3700297,3700297,No image
https://cch2.org/portal/collections/individual/index.php?occid=3700298,3700298,No image
https://cch2.org/portal/collections/individual/index.php?occid=3810276,3810276,Image present
https://cch2.org/portal/collections/individual/index.php?occid=3810277,3810277,Image present
https://cch2.org/portal/collections/individual/index.php?occid=3810278,3810278,Image present
https://cch2.org/portal/collections/individual/index.php?occid=3826742,3826742,No image
https://cch2.org/portal/collections/individual/index.php?occid=3826803,3826803,No image
https://cch2.org/portal/collections/individual/index.php?occid=3826866,3826866,No image
https://cch2.org/portal/collections/individual/index.php?occid=3826872,3826872,No image
https://cch2.org/portal/collections/individual/index.php?occid=3826916,3826916,No image
https://cch2.org/portal/collections/individual/index.php?occid=3826971,3826971,No image
https://cch2.org/portal/collections/individual/index.php?occid=3827001,3827001,No image
https://cch2.org/portal/collections/individual/index.php?occid=3827041,3827041,No image
https://cch2.org/portal/collections/individual/index.php?occid=3827089,3827089,No image
https://cch2.org/portal/collections/individual/index.php?occid=3948469,3948469,Image present
https://cch2.org/portal/collections/individual/index.php?occid=3948470,3948470,Image present
https://cch2.org/portal/collections/individual/index.php?occid=3949199,3949199,No image
https://cch2.org/portal/collections/individual/index.php?occid=3949203,3949203,No image
https://cch2.org/portal/collections/individual/index.php?occid=4068227,4068227,No image
https://cch2.org/portal/collections/individual/index.php?occid=4068228,4068228,No image
https://cch2.org/portal/collections/individual/index.php?occid=4072307,4072307,No image
https://cch2.org/portal/collections/individual/index.php?occid=407313,407313,No image
https://cch2.org/portal/collections/individual/index.php?occid=4074850,4074850,No image
https://cch2.org/portal/collections/individual/index.php?occid=4074851,4074851,No image
https://cch2.org/portal/collections/individual/index.php?occid=4074852,4074852,No image
https://cch2.org/portal/collections/individual/index.php?occid=4075140,4075140,No image
https://cch2.org/portal/collections/individual/index.php?occid=4076029,4076029,No image
https://cch2.org/portal/collections/individual/index.php?occid=4078612,4078612,No image
https://cch2.org/portal/collections/individual/index.php?occid=4083202,4083202,No image
https://cch2.org/portal/collections/individual/index.php?occid=4083924,4083924,No image
https://cch2.org/portal/collections/individual/index.php?occid=4084012,4084012,No image
https://cch2.org/portal/collections/individual/index.php?occid=4084283,4084283,No image
https://cch2.org/portal/collections/individual/index.php?occid=4084876,4084876,No image
https://cch2.org/portal/collections/individual/index.php?occid=4085847,4085847,No image
https://cch2.org/portal/collections/individual/index.php?occid=4085988,4085988,No image
https://cch2.org/portal/collections/individual/index.php?occid=4095374,4095374,No image
https://cch2.org/portal/collections/individual/index.php?occid=4095375,4095375,No image
https://cch2.org/portal/collections/individual/index.php?occid=4095376,4095376,No image
https://cch2.org/portal/collections/individual/index.php?occid=4095377,4095377,No image
https://cch2.org/portal/collections/individual/index.php?occid=4095378,4095378,No image
https://cch2.org/portal/collections/individual/index.php?occid=4095379,4095379,No image
https://cch2.org/portal/collections/individual/index.php?occid=4095380,4095380,No image
https://cch2.org/portal/collections/individual/index.php?occid=4095381,4095381,No image
https://cch2.org/portal/collections/individual/index.php?occid=4095382,4095382,No image
https://cch2.org/portal/collections/individual/index.php?occid=4095383,4095383,No image
https://cch2.org/portal/collections/individual/index.php?occid=4095384,4095384,No image
https://cch2.org/portal/collections/individual/index.php?occid=4095385,4095385,No image
https://cch2.org/portal/collections/individual/index.php?occid=4095386,4095386,No image
https://cch2.org/portal/collections/individual/index.php?occid=4095387,4095387,No image
https://cch2.org/portal/collections/individual/index.php?occid=4095388,4095388,No image
https://cch2.org/portal/collections/individual/index.php?occid=4095389,4095389,No image
https://cch2.org/portal/collections/individual/index.php?occid=4095390,4095390,No image
https://cch2.org/portal/collections/individual/index.php?occid=4095391,4095391,No image
https://cch2.org/portal/collections/individual/index.php?occid=4095392,4095392,No image
https://cch2.org/portal/collections/individual/index.php?occid=4095393,4095393,No image
https://cch2.org/portal/collections/individual/index.php?occid=4095394,4095394,No image
https://cch2.org/portal/collections/individual/index.php?occid=4095395,4095395,No image
https://cch2.org/portal/collections/individual/index.php?occid=4095396,4095396,No image
https://cch2.org/portal/collections/individual/index.php?occid=4095397,4095397,No image
https://cch2.org/portal/collections/individual/index.php?occid=4095398,4095398,No image
https://cch2.org/portal/collections/individual/index.php?occid=4095399,4095399,No image
https://cch2.org/portal/collections/individual/index.php?occid=4095400,4095400,No image
https://cch2.org/portal/collections/individual/index.php?occid=4095401,4095401,No image
https://cch2.org/portal/collections/individual/index.php?occid=4095402,4095402,No image
https://cch2.org/portal/collections/individual/index.php?occid=4095403,4095403,No image
https://cch2.org/portal/collections/individual/index.php?occid=4095404,4095404,No image
https://cch2.org/portal/collections/individual/index.php?occid=4095405,4095405,No image
https://cch2.org/portal/collections/individual/index.php?occid=4095406,4095406,No image
https://cch2.org/portal/collections/individual/index.php?occid=4095407,4095407,No image
https://cch2.org/portal/collections/individual/index.php?occid=4095408,4095408,No image
https://cch2.org/portal/collections/individual/index.php?occid=4095409,4095409,No image
https://cch2.org/portal/collections/individual/index.php?occid=4095410,4095410,No image
https://cch2.org/portal/collections/individual/index.php?occid=4095411,4095411,No image
https://cch2.org/portal/collections/individual/index.php?occid=4095412,4095412,No image
https://cch2.org/portal/collections/individual/index.php?occid=4095413,4095413,No image
https://cch2.org/portal/collections/individual/index.php?occid=4095414,4095414,No image
https://cch2.org/portal/collections/individual/index.php?occid=4095415,4095415,No image
https://cch2.org/portal/collections/individual/index.php?occid=4095416,4095416,No image
https://cch2.org/portal/collections/individual/index.php?occid=4095417,4095417,No image
https://cch2.org/portal/collections/individual/index.php?occid=4095418,4095418,No image
https://cch2.org/portal/collections/individual/index.php?occid=4235,4235,No image
https://cch2.org/portal/collections/individual/index.php?occid=42726,42726,No image
https://cch2.org/portal/collections/individual/index.php?occid=4455,4455,No image
https://cch2.org/portal/collections/individual/index.php?occid=4464643,4464643,No image
https://cch2.org/portal/collections/individual/index.php?occid=4471937,4471937,No image
https://cch2.org/portal/collections/individual/index.php?occid=4474805,4474805,No image
https://cch2.org/portal/collections/individual/index.php?occid=45902,45902,No image
https://cch2.org/portal/collections/individual/index.php?occid=4620146,4620146,No image
https://cch2.org/portal/collections/individual/index.php?occid=4620471,4620471,No image
https://cch2.org/portal/collections/individual/index.php?occid=4621000,4621000,No image
https://cch2.org/portal/collections/individual/index.php?occid=468960,468960,No image
https://cch2.org/portal/collections/individual/index.php?occid=468969,468969,No image
https://cch2.org/portal/collections/individual/index.php?occid=468976,468976,No image
https://cch2.org/portal/collections/individual/index.php?occid=468981,468981,No image
https://cch2.org/portal/collections/individual/index.php?occid=468989,468989,No image
https://cch2.org/portal/collections/individual/index.php?occid=468999,468999,No image
https://cch2.org/portal/collections/individual/index.php?occid=469000,469000,No image
https://cch2.org/portal/collections/individual/index.php?occid=469003,469003,No image
https://cch2.org/portal/collections/individual/index.php?occid=469004,469004,No image
https://cch2.org/portal/collections/individual/index.php?occid=469009,469009,No image
https://cch2.org/portal/collections/individual/index.php?occid=469013,469013,No image
https://cch2.org/portal/collections/individual/index.php?occid=469014,469014,No image
https://cch2.org/portal/collections/individual/index.php?occid=469016,469016,No image
https://cch2.org/portal/collections/individual/index.php?occid=469017,469017,No image
https://cch2.org/portal/collections/individual/index.php?occid=469020,469020,No image
https://cch2.org/portal/collections/individual/index.php?occid=469022,469022,No image
https://cch2.org/portal/collections/individual/index.php?occid=469023,469023,No image
https://cch2.org/portal/collections/individual/index.php?occid=469024,469024,No image
https://cch2.org/portal/collections/individual/index.php?occid=469030,469030,No image
https://cch2.org/portal/collections/individual/index.php?occid=469034,469034,No image
https://cch2.org/portal/collections/individual/index.php?occid=469035,469035,No image
https://cch2.org/portal/collections/individual/index.php?occid=469037,469037,No image
https://cch2.org/portal/collections/individual/index.php?occid=469039,469039,No image
https://cch2.org/portal/collections/individual/index.php?occid=469041,469041,No image
https://cch2.org/portal/collections/individual/index.php?occid=469042,469042,No image
https://cch2.org/portal/collections/individual/index.php?occid=469044,469044,No image
https://cch2.org/portal/collections/individual/index.php?occid=469045,469045,No image
https://cch2.org/portal/collections/individual/index.php?occid=469047,469047,No image
https://cch2.org/portal/collections/individual/index.php?occid=469048,469048,No image
https://cch2.org/portal/collections/individual/index.php?occid=469049,469049,No image
https://cch2.org/portal/collections/individual/index.php?occid=469050,469050,No image
https://cch2.org/portal/collections/individual/index.php?occid=469051,469051,No image
https://cch2.org/portal/collections/individual/index.php?occid=469052,469052,No image
https://cch2.org/portal/collections/individual/index.php?occid=469056,469056,No image
https://cch2.org/portal/collections/individual/index.php?occid=469057,469057,No image
https://cch2.org/portal/collections/individual/index.php?occid=469059,469059,No image
https://cch2.org/portal/collections/individual/index.php?occid=469060,469060,No image
https://cch2.org/portal/collections/individual/index.php?occid=469068,469068,No image
https://cch2.org/portal/collections/individual/index.php?occid=469070,469070,No image
https://cch2.org/portal/collections/individual/index.php?occid=469071,469071,No image
https://cch2.org/portal/collections/individual/index.php?occid=469075,469075,No image
https://cch2.org/portal/collections/individual/index.php?occid=469076,469076,No image
https://cch2.org/portal/collections/individual/index.php?occid=469077,469077,No image
https://cch2.org/portal/collections/individual/index.php?occid=469080,469080,No image
https://cch2.org/portal/collections/individual/index.php?occid=469081,469081,No image
https://cch2.org/portal/collections/individual/index.php?occid=469082,469082,No image
https://cch2.org/portal/collections/individual/index.php?occid=469083,469083,No image
https://cch2.org/portal/collections/individual/index.php?occid=469084,469084,No image
https://cch2.org/portal/collections/individual/index.php?occid=469086,469086,No image
https://cch2.org/portal/collections/individual/index.php?occid=469087,469087,No image
https://cch2.org/portal/collections/individual/index.php?occid=469088,469088,No image
https://cch2.org/portal/collections/individual/index.php?occid=469089,469089,No image
https://cch2.org/portal/collections/individual/index.php?occid=469092,469092,No image
https://cch2.org/portal/collections/individual/index.php?occid=469093,469093,No image
https://cch2.org/portal/collections/individual/index.php?occid=469094,469094,No image
https://cch2.org/portal/collections/individual/index.php?occid=469097,469097,No image
https://cch2.org/portal/collections/individual/index.php?occid=469098,469098,No image
https://cch2.org/portal/collections/individual/index.php?occid=469099,469099,No image
https://cch2.org/portal/collections/individual/index.php?occid=469100,469100,No image
https://cch2.org/portal/collections/individual/index.php?occid=469101,469101,No image
https://cch2.org/portal/collections/individual/index.php?occid=469102,469102,No image
https://cch2.org/portal/collections/individual/index.php?occid=469103,469103,No image
https://cch2.org/portal/collections/individual/index.php?occid=469104,469104,No image
https://cch2.org/portal/collections/individual/index.php?occid=469108,469108,No image
https://cch2.org/portal/collections/individual/index.php?occid=469109,469109,No image
https://cch2.org/portal/collections/individual/index.php?occid=469112,469112,No image
https://cch2.org/portal/collections/individual/index.php?occid=469116,469116,No image
https://cch2.org/portal/collections/individual/index.php?occid=469117,469117,No image
https://cch2.org/portal/collections/individual/index.php?occid=469118,469118,No image
https://cch2.org/portal/collections/individual/index.php?occid=469120,469120,No image
https://cch2.org/portal/collections/individual/index.php?occid=469124,469124,No image
https://cch2.org/portal/collections/individual/index.php?occid=469127,469127,No image
https://cch2.org/portal/collections/individual/index.php?occid=469130,469130,No image
https://cch2.org/portal/collections/individual/index.php?occid=469131,469131,No image
https://cch2.org/portal/collections/individual/index.php?occid=469132,469132,No image
https://cch2.org/portal/collections/individual/index.php?occid=469133,469133,No image
https://cch2.org/portal/collections/individual/index.php?occid=469141,469141,No image
https://cch2.org/portal/collections/individual/index.php?occid=469142,469142,No image
https://cch2.org/portal/collections/individual/index.php?occid=469143,469143,No image
https://cch2.org/portal/collections/individual/index.php?occid=469144,469144,No image
https://cch2.org/portal/collections/individual/index.php?occid=469145,469145,No image
https://cch2.org/portal/collections/individual/index.php?occid=469146,469146,No image
https://cch2.org/portal/collections/individual/index.php?occid=469150,469150,No image
https://cch2.org/portal/collections/individual/index.php?occid=469153,469153,No image
https://cch2.org/portal/collections/individual/index.php?occid=469154,469154,No image
https://cch2.org/portal/collections/individual/index.php?occid=469156,469156,No image
https://cch2.org/portal/collections/individual/index.php?occid=469159,469159,No image
https://cch2.org/portal/collections/individual/index.php?occid=469161,469161,No image
https://cch2.org/portal/collections/individual/index.php?occid=469162,469162,No image
https://cch2.org/portal/collections/individual/index.php?occid=469166,469166,No image
https://cch2.org/portal/collections/individual/index.php?occid=469167,469167,No image
https://cch2.org/portal/collections/individual/index.php?occid=469168,469168,No image
https://cch2.org/portal/collections/individual/index.php?occid=469169,469169,No image
https://cch2.org/portal/collections/individual/index.php?occid=469170,469170,No image
https://cch2.org/portal/collections/individual/index.php?occid=469171,469171,No image
https://cch2.org/portal/collections/individual/index.php?occid=469172,469172,No image
https://cch2.org/portal/collections/individual/index.php?occid=469177,469177,No image
https://cch2.org/portal/collections/individual/index.php?occid=469178,469178,No image
https://cch2.org/portal/collections/individual/index.php?occid=469179,469179,No image
https://cch2.org/portal/collections/individual/index.php?occid=4721,4721,Image present
https://cch2.org/portal/collections/individual/index.php?occid=49117,49117,No image
https://cch2.org/portal/collections/individual/index.php?occid=51145,51145,No image
https://cch2.org/portal/collections/individual/index.php?occid=52482,52482,No image
https://cch2.org/portal/collections/individual/index.php?occid=55059,55059,No image
https://cch2.org/portal/collections/individual/index.php?occid=5533146,5533146,No image
https://cch2.org/portal/collections/individual/index.php?occid=55592,55592,No image
https://cch2.org/portal/collections/individual/index.php?occid=5561921,5561921,No image
https://cch2.org/portal/collections/individual/index.php?occid=5563117,5563117,No image
https://cch2.org/portal/collections/individual/index.php?occid=5732610,5732610,No image
https://cch2.org/portal/collections/individual/index.php?occid=57675,57675,No image
https://cch2.org/portal/collections/individual/index.php?occid=6008207,6008207,No image
https://cch2.org/portal/collections/individual/index.php?occid=6017874,6017874,No image
https://cch2.org/portal/collections/individual/index.php?occid=6026918,6026918,No image
https://cch2.org/portal/collections/individual/index.php?occid=6026919,6026919,No image
https://cch2.org/portal/collections/individual/index.php?occid=6048990,6048990,No image
https://cch2.org/portal/collections/individual/index.php?occid=61217,61217,No image
https://cch2.org/portal/collections/individual/index.php?occid=631781,631781,No image
https://cch2.org/portal/collections/individual/index.php?occid=632033,632033,No image
https://cch2.org/portal/collections/individual/index.php?occid=645142,645142,Image present
https://cch2.org/portal/collections/individual/index.php?occid=648549,648549,Image present
https://cch2.org/portal/collections/individual/index.php?occid=652363,652363,Image present
https://cch2.org/portal/collections/individual/index.php?occid=667072,667072,Image present
https://cch2.org/portal/collections/individual/index.php?occid=668312,668312,Image present
https://cch2.org/portal/collections/individual/index.php?occid=6779828,6779828,No image
https://cch2.org/portal/collections/individual/index.php?occid=6795972,6795972,No image
https://cch2.org/portal/collections/individual/index.php?occid=682744,682744,Image present
https://cch2.org/portal/collections/individual/index.php?occid=684007,684007,Image present
https://cch2.org/portal/collections/individual/index.php?occid=6851620,6851620,No image
https://cch2.org/portal/collections/individual/index.php?occid=6856684,6856684,No image
https://cch2.org/portal/collections/individual/index.php?occid=6856685,6856685,No image
https://cch2.org/portal/collections/individual/index.php?occid=698690,698690,Image present
https://cch2.org/portal/collections/individual/index.php?occid=705793,705793,Image present
https://cch2.org/portal/collections/individual/index.php?occid=710528,710528,Image present
https://cch2.org/portal/collections/individual/index.php?occid=712539,712539,Image present
https://cch2.org/portal/collections/individual/index.php?occid=712565,712565,Image present
https://cch2.org/portal/collections/individual/index.php?occid=715148,715148,Image present
https://cch2.org/portal/collections/individual/index.php?occid=734125,734125,Image present
https://cch2.org/portal/collections/individual/index.php?occid=753633,753633,Image present
https://cch2.org/portal/collections/individual/index.php?occid=764500,764500,Image present
https://cch2.org/portal/collections/individual/index.php?occid=765477,765477,Image present
https://cch2.org/portal/collections/individual/index.php?occid=79706,79706,No image
https://cch2.org/portal/collections/individual/index.php?occid=806147,806147,Image present
https://cch2.org/portal/collections/individual/index.php?occid=81912,81912,No image
https://cch2.org/portal/collections/individual/index.php?occid=824961,824961,Image present
https://cch2.org/portal/collections/individual/index.php?occid=83203,83203,No image
https://cch2.org/portal/collections/individual/index.php?occid=863673,863673,Image present
https://cch2.org/portal/collections/individual/index.php?occid=87291,87291,No image
https://cch2.org/portal/collections/individual/index.php?occid=884527,884527,Image present
https://cch2.org/portal/collections/individual/index.php?occid=89884,89884,No image
https://cch2.org/portal/collections/individual/index.php?occid=899090,899090,Image present
https://cch2.org/portal/collections/individual/index.php?occid=902357,902357,Image present
https://cch2.org/portal/collections/individual/index.php?occid=906238,906238,Image present
https://cch2.org/portal/collections/individual/index.php?occid=911273,911273,No image
https://cch2.org/portal/collections/individual/index.php?occid=911854,911854,Image present
https://cch2.org/portal/collections/individual/index.php?occid=91393,91393,No image
https://cch2.org/portal/collections/individual/index.php?occid=920878,920878,Image present
https://cch2.org/portal/collections/individual/index.php?occid=92110,92110,No image
https://cch2.org/portal/collections/individual/index.php?occid=929206,929206,Image present
https://cch2.org/portal/collections/individual/index.php?occid=929536,929536,Image present
https://cch2.org/portal/collections/individual/index.php?occid=935273,935273,Image present
https://cch2.org/portal/collections/individual/index.php?occid=936997,936997,Image present
https://cch2.org/portal/collections/individual/index.php?occid=942849,942849,Image present
https://cch2.org/portal/collections/individual/index.php?occid=947300,947300,Image present
https://cch2.org/portal/collections/individual/index.php?occid=95043,95043,No image
https://cch2.org/portal/collections/individual/index.php?occid=957317,957317,Image present
https://cch2.org/portal/collections/individual/index.php?occid=96130,96130,No image
https://cch2.org/portal/collections/individual/index.php?occid=963330,963330,Image present
https://cch2.org/portal/collections/individual/index.php?occid=970742,970742,Image present
https://cch2.org/portal/collections/individual/index.php?occid=971402,971402,Image present
https://cch2.org/portal/collections/individual/index.php?occid=977847,977847,Image present
https://cch2.org/portal/collections/individual/index.php?occid=978519,978519,No image
https://cch2.org/portal/collections/individual/index.php?occid=979589,979589,No image
https://cch2.org/portal/collections/individual/index.php?occid=981549,981549,Image present
